path,distance,comfort_beauty,comfort_roughness,comfort_safety,comfort_slope,avg_comfort,raw_distance,raw_beauty,raw_roughness,raw_safety,raw_slope
"[0, 3, 8, 5, 14, 16, 2, 9, 11, 19]",1125,20,24,22,25,2.5277777777777777,"[120, 95, 168, 50, 165, 110, 109, 111, 197]","[2, 5, 2, 3, 1, 3, 1, 1, 2]","[2, 3, 1, 5, 2, 4, 4, 2, 1]","[4, 5, 2, 4, 4, 4, 3, 1, 5]","[5, 5, 1, 1, 5, 1, 2, 5, 4]"
"[0, 3, 17, 2, 9, 1, 14, 7, 12, 19]",1172,22,21,26,24,2.5833333333333335,"[120, 118, 158, 109, 143, 75, 200, 80, 169]","[2, 3, 1, 1, 1, 1, 3, 5, 5]","[2, 1, 1, 4, 3, 4, 1, 2, 3]","[4, 3, 5, 3, 4, 3, 4, 1, 1]","[5, 2, 4, 2, 4, 5, 2, 1, 5]"
"[0, 2, 1, 9, 6, 10, 8, 3, 11, 19]",1120,31,30,17,18,2.666666666666667,"[65, 157, 143, 64, 117, 89, 95, 193, 197]","[2, 5, 1, 5, 5, 2, 5, 4, 2]","[1, 5, 3, 5, 4, 3, 3, 5, 1]","[5, 1, 4, 5, 3, 5, 5, 4, 5]","[3, 3, 4, 3, 5, 5, 5, 4, 4]"
"[0, 10, 12, 3, 17, 14, 1, 11, 5, 19]",1262,27,21,35,21,2.8888888888888893,"[200, 118, 141, 118, 81, 75, 199, 144, 186]","[5, 1, 3, 3, 4, 1, 5, 3, 2]","[2, 2, 5, 1, 1, 4, 2, 2, 2]","[1, 1, 3, 3, 1, 3, 2, 3, 2]","[4, 3, 5, 2, 3, 5, 4, 5, 2]"
"[0, 10, 8, 6, 9, 17, 7, 12, 1, 19]",1226,31,31,32,24,3.2777777777777777,"[200, 89, 130, 64, 185, 187, 80, 92, 199]","[5, 2, 2, 5, 1, 3, 5, 4, 4]","[2, 3, 3, 5, 5, 5, 2, 1, 5]","[1, 5, 2, 5, 3, 2, 1, 2, 1]","[4, 5, 4, 3, 5, 1, 1, 3, 4]"
"[0, 10, 2, 9, 3, 6, 16, 1, 12, 19]",1062,32,24,34,21,3.0833333333333335,"[200, 52, 109, 179, 74, 117, 70, 92, 169]","[5, 4, 1, 5, 4, 2, 2, 4, 5]","[2, 5, 4, 2, 3, 3, 1, 1, 3]","[1, 1, 3, 4, 2, 5, 1, 2, 1]","[4, 5, 2, 3, 2, 4, 5, 3, 5]"
"[0, 3, 5, 8, 6, 7, 16, 1, 19]",988,23,22,29,21,2.96875,"[120, 147, 168, 130, 98, 56, 70, 199]","[2, 1, 2, 2, 5, 5, 2, 4]","[2, 4, 1, 3, 4, 2, 1, 5]","[4, 4, 2, 2, 4, 1, 1, 1]","[5, 4, 1, 4, 2, 2, 5, 4]"
"[0, 13, 2, 1, 16, 6, 3, 9, 11, 19]",1120,25,22,28,21,2.666666666666667,"[95, 120, 157, 70, 117, 74, 179, 111, 197]","[3, 1, 5, 2, 2, 4, 5, 1, 2]","[4, 1, 5, 1, 3, 3, 2, 2, 1]","[4, 3, 1, 1, 5, 2, 4, 1, 5]","[3, 4, 3, 5, 4, 2, 3, 5, 4]"
"[0, 3, 11, 9, 6, 10, 2, 17, 5, 19]",1186,25,31,26,19,2.8055555555555554,"[120, 193, 111, 64, 117, 52, 158, 185, 186]","[2, 4, 1, 5, 5, 4, 1, 1, 2]","[2, 5, 2, 5, 4, 5, 1, 5, 2]","[4, 4, 1, 5, 3, 1, 5, 3, 2]","[5, 4, 5, 3, 5, 5, 4, 2, 2]"
"[0, 13, 17, 3, 6, 7, 12, 11, 5, 19]",953,28,24,29,31,3.111111111111111,"[95, 52, 118, 74, 98, 80, 106, 144, 186]","[3, 1, 3, 4, 5, 5, 2, 3, 2]","[4, 1, 1, 3, 4, 2, 5, 2, 2]","[4, 4, 3, 2, 4, 1, 2, 3, 2]","[3, 1, 2, 2, 2, 1, 5, 5, 2]"
"[0, 17, 2, 10, 8, 5, 14, 11, 12, 19]",993,23,27,27,22,2.75,"[73, 158, 52, 89, 168, 50, 128, 106, 169]","[2, 1, 4, 2, 2, 3, 2, 2, 5]","[2, 1, 5, 3, 1, 5, 2, 5, 3]","[2, 5, 1, 5, 2, 4, 5, 2, 1]","[2, 4, 5, 5, 1, 1, 4, 5, 5]"
"[0, 3, 17, 7, 14, 9, 6, 10, 12, 19]",1251,32,27,27,24,3.0555555555555554,"[120, 118, 187, 200, 158, 64, 117, 118, 169]","[2, 3, 3, 3, 5, 5, 5, 1, 5]","[2, 1, 5, 1, 4, 5, 4, 2, 3]","[4, 3, 2, 4, 4, 5, 3, 1, 1]","[5, 2, 1, 2, 4, 3, 5, 3, 5]"
"[0, 3, 17, 7, 6, 9, 14, 1, 12, 19]",1081,33,29,26,24,3.111111111111111,"[120, 118, 187, 98, 64, 158, 75, 92, 169]","[2, 3, 3, 5, 5, 5, 1, 4, 5]","[2, 1, 5, 4, 5, 4, 4, 1, 3]","[4, 3, 2, 4, 5, 4, 3, 2, 1]","[5, 2, 1, 2, 3, 4, 5, 3, 5]"
"[0, 3, 5, 11, 9, 17, 2, 13, 19]",1123,13,21,24,15,2.28125,"[120, 147, 144, 111, 185, 158, 120, 138]","[2, 1, 3, 1, 1, 1, 1, 3]","[2, 4, 2, 2, 5, 1, 1, 4]","[4, 4, 3, 1, 3, 5, 3, 1]","[5, 4, 5, 5, 5, 4, 4, 1]"
"[0, 10, 8, 6, 3, 12, 11, 9, 1, 19]",1193,24,31,33,16,2.8888888888888884,"[200, 89, 130, 74, 141, 106, 111, 143, 199]","[5, 2, 2, 4, 3, 2, 1, 1, 4]","[2, 3, 3, 3, 5, 5, 2, 3, 5]","[1, 5, 2, 2, 3, 2, 1, 4, 1]","[4, 5, 4, 2, 5, 5, 5, 4, 4]"
"[0, 10, 8, 16, 1, 9, 11, 3, 12, 19]",1274,25,29,30,14,2.7222222222222223,"[200, 89, 158, 70, 143, 111, 193, 141, 169]","[5, 2, 2, 2, 1, 1, 4, 3, 5]","[2, 3, 5, 1, 3, 2, 5, 5, 3]","[1, 5, 4, 1, 4, 1, 4, 3, 1]","[4, 5, 3, 5, 4, 5, 4, 5, 5]"
"[0, 17, 9, 2, 8, 6, 7, 14, 11, 19]",1241,21,27,24,28,2.7777777777777777,"[73, 185, 109, 121, 130, 98, 200, 128, 197]","[2, 1, 1, 3, 2, 5, 3, 2, 2]","[2, 5, 4, 5, 3, 4, 1, 2, 1]","[2, 3, 3, 2, 2, 4, 4, 5, 5]","[2, 5, 2, 1, 4, 2, 2, 4, 4]"
"[0, 13, 17, 8, 2, 1, 14, 5, 11, 19]",997,24,28,24,26,2.8333333333333335,"[95, 52, 106, 121, 157, 75, 50, 144, 197]","[3, 1, 3, 3, 5, 1, 3, 3, 2]","[4, 1, 1, 5, 5, 4, 5, 2, 1]","[4, 4, 4, 2, 1, 3, 4, 3, 5]","[3, 1, 5, 1, 3, 5, 1, 5, 4]"
"[0, 3, 17, 2, 16, 14, 7, 12, 19]",1120,23,16,22,23,2.625,"[120, 118, 158, 110, 165, 200, 80, 169]","[2, 3, 1, 3, 1, 3, 5, 5]","[2, 1, 1, 4, 2, 1, 2, 3]","[4, 3, 5, 4, 4, 4, 1, 1]","[5, 2, 4, 1, 5, 2, 1, 5]"
"[0, 13, 2, 15, 6, 3, 12, 11, 1, 19]",1152,31,29,30,21,3.0833333333333335,"[95, 120, 67, 151, 74, 141, 106, 199, 199]","[3, 1, 5, 4, 4, 3, 2, 5, 4]","[4, 1, 2, 2, 3, 5, 5, 2, 5]","[4, 3, 4, 3, 2, 3, 2, 2, 1]","[3, 4, 2, 4, 2, 5, 5, 4, 4]"
"[0, 10, 6, 16, 14, 5, 17, 7, 12, 19]",1270,30,31,30,26,3.2500000000000004,"[200, 117, 117, 165, 50, 185, 187, 80, 169]","[5, 5, 2, 1, 3, 1, 3, 5, 5]","[2, 4, 3, 2, 5, 5, 5, 2, 3]","[1, 3, 5, 4, 4, 3, 2, 1, 1]","[4, 5, 4, 5, 1, 2, 1, 1, 5]"
"[0, 13, 2, 1, 12, 3, 9, 14, 11, 19]",1267,30,25,23,21,2.75,"[95, 120, 157, 92, 141, 179, 158, 128, 197]","[3, 1, 5, 4, 3, 5, 5, 2, 2]","[4, 1, 5, 1, 5, 2, 4, 2, 1]","[4, 3, 1, 2, 3, 4, 4, 5, 5]","[3, 4, 3, 3, 5, 3, 4, 4, 4]"
"[0, 17, 2, 16, 14, 9, 1, 12, 19]",1068,22,20,22,20,2.625,"[73, 158, 110, 165, 158, 143, 92, 169]","[2, 1, 3, 1, 5, 1, 4, 5]","[2, 1, 4, 2, 4, 3, 1, 3]","[2, 5, 4, 4, 4, 4, 2, 1]","[2, 4, 1, 5, 4, 4, 3, 5]"
"[0, 10, 8, 6, 7, 14, 1, 3, 11, 19]",1271,26,27,25,19,2.6944444444444446,"[200, 89, 130, 98, 200, 75, 89, 193, 197]","[5, 2, 2, 5, 3, 1, 2, 4, 2]","[2, 3, 3, 4, 1, 4, 4, 5, 1]","[1, 5, 2, 4, 4, 3, 1, 4, 5]","[4, 5, 4, 2, 2, 5, 5, 4, 4]"
"[0, 17, 5, 11, 3, 9, 1, 19]",1116,20,24,21,18,2.964285714285714,"[73, 185, 144, 193, 179, 143, 199]","[2, 1, 3, 4, 5, 1, 4]","[2, 5, 2, 5, 2, 3, 5]","[2, 3, 3, 4, 4, 4, 1]","[2, 2, 5, 4, 3, 4, 4]"
"[0, 13, 17, 3, 12, 10, 6, 9, 11, 19]",1013,24,25,25,23,2.694444444444444,"[95, 52, 118, 141, 118, 117, 64, 111, 197]","[3, 1, 3, 3, 1, 5, 5, 1, 2]","[4, 1, 1, 5, 2, 4, 5, 2, 1]","[4, 4, 3, 3, 1, 3, 5, 1, 5]","[3, 1, 2, 5, 3, 5, 3, 5, 4]"
"[0, 2, 17, 3, 9, 14, 11, 1, 19]",1204,27,18,19,20,2.625,"[65, 158, 118, 179, 158, 128, 199, 199]","[2, 1, 3, 5, 5, 2, 5, 4]","[1, 1, 1, 2, 4, 2, 2, 5]","[5, 5, 3, 4, 4, 5, 2, 1]","[3, 4, 2, 3, 4, 4, 4, 4]"
"[0, 3, 1, 2, 17, 5, 14, 11, 19]",1084,18,25,20,20,2.59375,"[120, 89, 157, 158, 185, 50, 128, 197]","[2, 2, 5, 1, 1, 3, 2, 2]","[2, 4, 5, 1, 5, 5, 2, 1]","[4, 1, 1, 5, 3, 4, 5, 5]","[5, 5, 3, 4, 2, 1, 4, 4]"
"[0, 10, 2, 8, 17, 3, 11, 1, 19]",1188,31,26,30,19,3.3125,"[200, 52, 121, 106, 118, 193, 199, 199]","[5, 4, 3, 3, 3, 4, 5, 4]","[2, 5, 5, 1, 1, 5, 2, 5]","[1, 1, 2, 4, 3, 4, 2, 1]","[4, 5, 1, 5, 2, 4, 4, 4]"
"[0, 17, 2, 10, 12, 1, 14, 11, 5, 19]",1026,20,21,30,21,2.555555555555556,"[73, 158, 52, 118, 92, 75, 128, 144, 186]","[2, 1, 4, 1, 4, 1, 2, 3, 2]","[2, 1, 5, 2, 1, 4, 2, 2, 2]","[2, 5, 1, 1, 2, 3, 5, 3, 2]","[2, 4, 5, 3, 3, 5, 4, 5, 2]"
"[0, 2, 16, 7, 6, 9, 1, 14, 11, 19]",936,26,26,18,26,2.6666666666666665,"[65, 110, 56, 98, 64, 143, 75, 128, 197]","[2, 3, 5, 5, 5, 1, 1, 2, 2]","[1, 4, 2, 4, 5, 3, 4, 2, 1]","[5, 4, 1, 4, 5, 4, 3, 5, 5]","[3, 1, 2, 2, 3, 4, 5, 4, 4]"
"[0, 2, 17, 3, 9, 6, 8, 10, 12, 19]",1090,26,21,23,22,2.5555555555555554,"[65, 158, 118, 179, 64, 130, 89, 118, 169]","[2, 1, 3, 5, 5, 2, 2, 1, 5]","[1, 1, 1, 2, 5, 3, 3, 2, 3]","[5, 5, 3, 4, 5, 2, 5, 1, 1]","[3, 4, 2, 3, 3, 4, 5, 3, 5]"
"[0, 10, 2, 8, 3, 1, 11, 14, 5, 19]",1120,31,30,31,23,3.1944444444444446,"[200, 52, 121, 95, 89, 199, 128, 50, 186]","[5, 4, 3, 5, 2, 5, 2, 3, 2]","[2, 5, 5, 3, 4, 2, 2, 5, 2]","[1, 1, 2, 5, 1, 2, 5, 4, 2]","[4, 5, 1, 5, 5, 4, 4, 1, 2]"
"[0, 10, 8, 5, 11, 12, 3, 1, 19]",1136,23,27,30,14,2.9375,"[200, 89, 168, 144, 106, 141, 89, 199]","[5, 2, 2, 3, 2, 3, 2, 4]","[2, 3, 1, 2, 5, 5, 4, 5]","[1, 5, 2, 3, 2, 3, 1, 1]","[4, 5, 1, 5, 5, 5, 5, 4]"
"[0, 2, 16, 6, 9, 1, 3, 8, 5, 19]",1037,24,26,21,26,2.6944444444444446,"[65, 110, 117, 64, 143, 89, 95, 168, 186]","[2, 3, 2, 5, 1, 2, 5, 2, 2]","[1, 4, 3, 5, 3, 4, 3, 1, 2]","[5, 4, 5, 5, 4, 1, 5, 2, 2]","[3, 1, 4, 3, 4, 5, 5, 1, 2]"
"[0, 3, 5, 8, 2, 16, 14, 1, 11, 19]",1302,20,25,24,24,2.583333333333333,"[120, 147, 168, 121, 110, 165, 75, 199, 197]","[2, 1, 2, 3, 3, 1, 1, 5, 2]","[2, 4, 1, 5, 4, 2, 4, 2, 1]","[4, 4, 2, 2, 4, 4, 3, 2, 5]","[5, 4, 1, 1, 1, 5, 5, 4, 4]"
"[0, 3, 11, 14, 16, 8, 2, 13, 19]",1143,18,26,21,21,2.6875,"[120, 193, 128, 165, 158, 121, 120, 138]","[2, 4, 2, 1, 2, 3, 1, 3]","[2, 5, 2, 2, 5, 5, 1, 4]","[4, 4, 5, 4, 4, 2, 3, 1]","[5, 4, 4, 5, 3, 1, 4, 1]"
"[0, 2, 13, 17, 9, 14, 11, 3, 1, 19]",1189,22,28,24,20,2.6111111111111107,"[65, 120, 52, 185, 158, 128, 193, 89, 199]","[2, 1, 1, 1, 5, 2, 4, 2, 4]","[1, 1, 1, 5, 4, 2, 5, 4, 5]","[5, 3, 4, 3, 4, 5, 4, 1, 1]","[3, 4, 1, 5, 4, 4, 4, 5, 4]"
"[0, 3, 5, 14, 17, 8, 6, 7, 12, 19]",981,30,25,29,24,2.9999999999999996,"[120, 147, 50, 81, 106, 130, 98, 80, 169]","[2, 1, 3, 4, 3, 2, 5, 5, 5]","[2, 4, 5, 1, 1, 3, 4, 2, 3]","[4, 4, 4, 1, 4, 2, 4, 1, 1]","[5, 4, 1, 3, 5, 4, 2, 1, 5]"
"[0, 2, 10, 6, 9, 3, 1, 11, 12, 19]",1040,35,31,30,16,3.1111111111111116,"[65, 52, 117, 64, 179, 89, 199, 106, 169]","[2, 4, 5, 5, 5, 2, 5, 2, 5]","[1, 5, 4, 5, 2, 4, 2, 5, 3]","[5, 1, 3, 5, 4, 1, 2, 2, 1]","[3, 5, 5, 3, 3, 5, 4, 5, 5]"
"[0, 2, 16, 7, 17, 14, 11, 1, 12, 19]",1087,33,21,31,28,3.138888888888889,"[65, 110, 56, 187, 81, 128, 199, 92, 169]","[2, 3, 5, 3, 4, 2, 5, 4, 5]","[1, 4, 2, 5, 1, 2, 2, 1, 3]","[5, 4, 1, 2, 1, 5, 2, 2, 1]","[3, 1, 2, 1, 3, 4, 4, 3, 5]"
"[0, 13, 17, 8, 3, 6, 15, 2, 1, 19]",996,34,26,26,25,3.083333333333333,"[95, 52, 106, 95, 74, 151, 67, 157, 199]","[3, 1, 3, 5, 4, 4, 5, 5, 4]","[4, 1, 1, 3, 3, 2, 2, 5, 5]","[4, 4, 4, 5, 2, 3, 4, 1, 1]","[3, 1, 5, 5, 2, 4, 2, 3, 4]"
"[0, 2, 1, 14, 11, 5, 17, 7, 12, 19]",1190,27,29,30,25,3.083333333333333,"[65, 157, 75, 128, 144, 185, 187, 80, 169]","[2, 5, 1, 2, 3, 1, 3, 5, 5]","[1, 5, 4, 2, 2, 5, 5, 2, 3]","[5, 1, 3, 5, 3, 3, 2, 1, 1]","[3, 3, 5, 4, 5, 2, 1, 1, 5]"
"[0, 3, 9, 1, 16, 7, 17, 14, 11, 19]",1161,26,19,27,23,2.638888888888889,"[120, 179, 143, 70, 56, 187, 81, 128, 197]","[2, 5, 1, 2, 5, 3, 4, 2, 2]","[2, 2, 3, 1, 2, 5, 1, 2, 1]","[4, 4, 4, 1, 1, 2, 1, 5, 5]","[5, 3, 4, 5, 2, 1, 3, 4, 4]"
"[0, 17, 7, 6, 3, 11, 1, 14, 5, 19]",1135,29,32,29,31,3.361111111111111,"[73, 187, 98, 74, 193, 199, 75, 50, 186]","[2, 3, 5, 4, 4, 5, 1, 3, 2]","[2, 5, 4, 3, 5, 2, 4, 5, 2]","[2, 2, 4, 2, 4, 2, 3, 4, 2]","[2, 1, 2, 2, 4, 4, 5, 1, 2]"
"[0, 17, 14, 9, 11, 3, 12, 19]",926,24,22,26,14,3.071428571428571,"[73, 81, 158, 111, 193, 141, 169]","[2, 4, 5, 1, 4, 3, 5]","[2, 1, 4, 2, 5, 5, 3]","[2, 1, 4, 1, 4, 3, 1]","[2, 3, 4, 5, 4, 5, 5]"
"[0, 3, 8, 16, 6, 10, 2, 13, 19]",917,24,27,22,16,2.78125,"[120, 95, 158, 117, 117, 52, 120, 138]","[2, 5, 2, 2, 5, 4, 1, 3]","[2, 3, 5, 3, 4, 5, 1, 4]","[4, 5, 4, 5, 3, 1, 3, 1]","[5, 5, 3, 4, 5, 5, 4, 1]"
"[0, 2, 13, 17, 8, 16, 1, 11, 19]",967,18,13,20,19,2.1875,"[65, 120, 52, 106, 158, 70, 199, 197]","[2, 1, 1, 3, 2, 2, 5, 2]","[1, 1, 1, 1, 5, 1, 2, 1]","[5, 3, 4, 4, 4, 1, 2, 5]","[3, 4, 1, 5, 3, 5, 4, 4]"
"[0, 3, 6, 10, 2, 16, 14, 5, 11, 19]",1029,27,28,24,21,2.7777777777777777,"[120, 74, 117, 52, 110, 165, 50, 144, 197]","[2, 4, 5, 4, 3, 1, 3, 3, 2]","[2, 3, 4, 5, 4, 2, 5, 2, 1]","[4, 2, 3, 1, 4, 4, 4, 3, 5]","[5, 2, 5, 5, 1, 5, 1, 5, 4]"
"[0, 13, 2, 17, 8, 16, 1, 12, 11, 19]",1102,20,20,24,18,2.2777777777777777,"[95, 120, 158, 106, 158, 70, 92, 106, 197]","[3, 1, 1, 3, 2, 2, 4, 2, 2]","[4, 1, 1, 1, 5, 1, 1, 5, 1]","[4, 3, 5, 4, 4, 1, 2, 2, 5]","[3, 4, 4, 5, 3, 5, 3, 5, 4]"
"[0, 2, 17, 9, 3, 5, 14, 7, 12, 19]",1233,26,24,23,26,2.75,"[65, 158, 185, 179, 147, 50, 200, 80, 169]","[2, 1, 1, 5, 1, 3, 3, 5, 5]","[1, 1, 5, 2, 4, 5, 1, 2, 3]","[5, 5, 3, 4, 4, 4, 4, 1, 1]","[3, 4, 5, 3, 4, 1, 2, 1, 5]"
"[0, 13, 17, 14, 16, 7, 12, 1, 19]",820,27,18,30,26,3.15625,"[95, 52, 81, 165, 56, 80, 92, 199]","[3, 1, 4, 1, 5, 5, 4, 4]","[4, 1, 1, 2, 2, 2, 1, 5]","[4, 4, 1, 4, 1, 1, 2, 1]","[3, 1, 3, 5, 2, 1, 3, 4]"
"[0, 2, 10, 6, 16, 1, 3, 17, 13, 19]",818,24,24,30,23,2.8055555555555554,"[65, 52, 117, 117, 70, 89, 118, 52, 138]","[2, 4, 5, 2, 2, 2, 3, 1, 3]","[1, 5, 4, 3, 1, 4, 1, 1, 4]","[5, 1, 3, 5, 1, 1, 3, 4, 1]","[3, 5, 5, 4, 5, 5, 2, 1, 1]"
"[0, 13, 2, 8, 6, 3, 9, 1, 19]",1061,23,26,26,23,3.0625,"[95, 120, 121, 130, 74, 179, 143, 199]","[3, 1, 3, 2, 4, 5, 1, 4]","[4, 1, 5, 3, 3, 2, 3, 5]","[4, 3, 2, 2, 2, 4, 4, 1]","[3, 4, 1, 4, 2, 3, 4, 4]"
"[0, 10, 6, 8, 16, 14, 7, 17, 13, 19]",1347,25,27,29,28,3.0277777777777777,"[200, 117, 130, 158, 165, 200, 187, 52, 138]","[5, 5, 2, 2, 1, 3, 3, 1, 3]","[2, 4, 3, 5, 2, 1, 5, 1, 4]","[1, 3, 2, 4, 4, 4, 2, 4, 1]","[4, 5, 4, 3, 5, 2, 1, 1, 1]"
"[0, 3, 6, 8, 2, 9, 14, 5, 11, 19]",1103,25,29,25,26,2.916666666666667,"[120, 74, 130, 121, 109, 158, 50, 144, 197]","[2, 4, 2, 3, 1, 5, 3, 3, 2]","[2, 3, 3, 5, 4, 4, 5, 2, 1]","[4, 2, 2, 2, 3, 4, 4, 3, 5]","[5, 2, 4, 1, 2, 4, 1, 5, 4]"
"[0, 3, 9, 2, 15, 6, 16, 8, 5, 19]",1255,25,23,23,28,2.75,"[120, 179, 109, 67, 151, 117, 158, 168, 186]","[2, 5, 1, 5, 4, 2, 2, 2, 2]","[2, 2, 4, 2, 2, 3, 5, 1, 2]","[4, 4, 3, 4, 3, 5, 4, 2, 2]","[5, 3, 2, 2, 4, 4, 3, 1, 2]"
"[0, 10, 8, 17, 7, 6, 16, 1, 12, 19]",1128,31,23,29,20,2.8611111111111107,"[200, 89, 106, 187, 98, 117, 70, 92, 169]","[5, 2, 3, 3, 5, 2, 2, 4, 5]","[2, 3, 1, 5, 4, 3, 1, 1, 3]","[1, 5, 4, 2, 4, 5, 1, 2, 1]","[4, 5, 5, 1, 2, 4, 5, 3, 5]"
"[0, 2, 17, 8, 6, 3, 9, 14, 1, 19]",1144,27,24,24,20,2.6388888888888884,"[65, 158, 106, 130, 74, 179, 158, 75, 199]","[2, 1, 3, 2, 4, 5, 5, 1, 4]","[1, 1, 1, 3, 3, 2, 4, 4, 5]","[5, 5, 4, 2, 2, 4, 4, 3, 1]","[3, 4, 5, 4, 2, 3, 4, 5, 4]"
"[0, 3, 6, 10, 8, 17, 9, 1, 12, 19]",1095,27,25,26,15,2.583333333333333,"[120, 74, 117, 89, 106, 185, 143, 92, 169]","[2, 4, 5, 2, 3, 1, 1, 4, 5]","[2, 3, 4, 3, 1, 5, 3, 1, 3]","[4, 2, 3, 5, 4, 3, 4, 2, 1]","[5, 2, 5, 5, 5, 5, 4, 3, 5]"
"[0, 10, 8, 16, 1, 9, 17, 3, 5, 19]",1296,19,26,27,20,2.5555555555555554,"[200, 89, 158, 70, 143, 185, 118, 147, 186]","[5, 2, 2, 2, 1, 1, 3, 1, 2]","[2, 3, 5, 1, 3, 5, 1, 4, 2]","[1, 5, 4, 1, 4, 3, 3, 4, 2]","[4, 5, 3, 5, 4, 5, 2, 4, 2]"
"[0, 3, 5, 17, 14, 7, 6, 10, 12, 19]",1235,27,26,29,23,2.9166666666666665,"[120, 147, 185, 81, 200, 98, 117, 118, 169]","[2, 1, 1, 4, 3, 5, 5, 1, 5]","[2, 4, 5, 1, 1, 4, 4, 2, 3]","[4, 4, 3, 1, 4, 4, 3, 1, 1]","[5, 4, 2, 3, 2, 2, 5, 3, 5]"
"[0, 2, 13, 17, 14, 1, 19]",592,13,13,19,16,2.5416666666666665,"[65, 120, 52, 81, 75, 199]","[2, 1, 1, 4, 1, 4]","[1, 1, 1, 1, 4, 5]","[5, 3, 4, 1, 3, 1]","[3, 4, 1, 3, 5, 4]"
"[0, 2, 17, 3, 9, 6, 10, 12, 19]",988,27,19,21,20,2.71875,"[65, 158, 118, 179, 64, 117, 118, 169]","[2, 1, 3, 5, 5, 5, 1, 5]","[1, 1, 1, 2, 5, 4, 2, 3]","[5, 5, 3, 4, 5, 3, 1, 1]","[3, 4, 2, 3, 3, 5, 3, 5]"
"[0, 17, 5, 14, 16, 2, 1, 12, 11, 19]",1135,23,30,27,28,3.0,"[73, 185, 50, 165, 110, 157, 92, 106, 197]","[2, 1, 3, 1, 3, 5, 4, 2, 2]","[2, 5, 5, 2, 4, 5, 1, 5, 1]","[2, 3, 4, 4, 4, 1, 2, 2, 5]","[2, 2, 1, 5, 1, 3, 3, 5, 4]"
"[0, 2, 10, 8, 5, 3, 11, 12, 1, 19]",1111,25,30,28,20,2.8611111111111107,"[65, 52, 89, 168, 147, 193, 106, 92, 199]","[2, 4, 2, 2, 1, 4, 2, 4, 4]","[1, 5, 3, 1, 4, 5, 5, 1, 5]","[5, 1, 5, 2, 4, 4, 2, 2, 1]","[3, 5, 5, 1, 4, 4, 5, 3, 4]"
"[0, 10, 6, 3, 1, 16, 2, 8, 5, 19]",1135,28,26,36,28,3.2777777777777777,"[200, 117, 74, 89, 70, 110, 121, 168, 186]","[5, 5, 4, 2, 2, 3, 3, 2, 2]","[2, 4, 3, 4, 1, 4, 5, 1, 2]","[1, 3, 2, 1, 1, 4, 2, 2, 2]","[4, 5, 2, 5, 5, 1, 1, 1, 2]"
"[0, 2, 10, 12, 1, 3, 5, 17, 13, 19]",938,19,27,32,27,2.9166666666666665,"[65, 52, 118, 92, 89, 147, 185, 52, 138]","[2, 4, 1, 4, 2, 1, 1, 1, 3]","[1, 5, 2, 1, 4, 4, 5, 1, 4]","[5, 1, 1, 2, 1, 4, 3, 4, 1]","[3, 5, 3, 3, 5, 4, 2, 1, 1]"
"[0, 2, 16, 14, 17, 7, 12, 11, 19]",991,22,21,24,25,2.875,"[65, 110, 165, 81, 187, 80, 106, 197]","[2, 3, 1, 4, 3, 5, 2, 2]","[1, 4, 2, 1, 5, 2, 5, 1]","[5, 4, 4, 1, 2, 1, 2, 5]","[3, 1, 5, 3, 1, 1, 5, 4]"
"[0, 10, 8, 3, 17, 14, 7, 12, 19]",1032,32,16,27,21,3.0,"[200, 89, 95, 118, 81, 200, 80, 169]","[5, 2, 5, 3, 4, 3, 5, 5]","[2, 3, 3, 1, 1, 1, 2, 3]","[1, 5, 5, 3, 1, 4, 1, 1]","[4, 5, 5, 2, 3, 2, 1, 5]"
"[0, 2, 1, 12, 7, 16, 14, 17, 5, 19]",1067,29,21,34,30,3.1666666666666665,"[65, 157, 92, 80, 56, 165, 81, 185, 186]","[2, 5, 4, 5, 5, 1, 4, 1, 2]","[1, 5, 1, 2, 2, 2, 1, 5, 2]","[5, 1, 2, 1, 1, 4, 1, 3, 2]","[3, 3, 3, 1, 2, 5, 3, 2, 2]"
"[0, 3, 6, 8, 17, 2, 10, 12, 11, 19]",1061,21,23,28,17,2.4722222222222223,"[120, 74, 130, 106, 158, 52, 118, 106, 197]","[2, 4, 2, 3, 1, 4, 1, 2, 2]","[2, 3, 3, 1, 1, 5, 2, 5, 1]","[4, 2, 2, 4, 5, 1, 1, 2, 5]","[5, 2, 4, 5, 4, 5, 3, 5, 4]"
"[0, 13, 17, 9, 1, 11, 3, 12, 19]",1177,23,28,23,17,2.84375,"[95, 52, 185, 143, 199, 193, 141, 169]","[3, 1, 1, 1, 5, 4, 3, 5]","[4, 1, 5, 3, 2, 5, 5, 3]","[4, 4, 3, 4, 2, 4, 3, 1]","[3, 1, 5, 4, 4, 4, 5, 5]"
"[0, 10, 6, 15, 2, 8, 5, 11, 12, 19]",1243,34,26,33,22,3.194444444444444,"[200, 117, 151, 67, 121, 168, 144, 106, 169]","[5, 5, 4, 5, 3, 2, 3, 2, 5]","[2, 4, 2, 2, 5, 1, 2, 5, 3]","[1, 3, 3, 4, 2, 2, 3, 2, 1]","[4, 5, 4, 2, 1, 1, 5, 5, 5]"
"[0, 17, 14, 9, 2, 8, 3, 11, 1, 19]",1228,33,31,30,25,3.3055555555555554,"[73, 81, 158, 109, 121, 95, 193, 199, 199]","[2, 4, 5, 1, 3, 5, 4, 5, 4]","[2, 1, 4, 4, 5, 3, 5, 2, 5]","[2, 1, 4, 3, 2, 5, 4, 2, 1]","[2, 3, 4, 2, 1, 5, 4, 4, 4]"
"[0, 10, 12, 3, 17, 9, 14, 11, 19]",1245,22,22,23,17,2.625,"[200, 118, 141, 118, 185, 158, 128, 197]","[5, 1, 3, 3, 1, 5, 2, 2]","[2, 2, 5, 1, 5, 4, 2, 1]","[1, 1, 3, 3, 3, 4, 5, 5]","[4, 3, 5, 2, 5, 4, 4, 4]"
"[0, 10, 6, 3, 12, 1, 2, 8, 5, 19]",1256,33,28,36,28,3.4722222222222223,"[200, 117, 74, 141, 92, 157, 121, 168, 186]","[5, 5, 4, 3, 4, 5, 3, 2, 2]","[2, 4, 3, 5, 1, 5, 5, 1, 2]","[1, 3, 2, 3, 2, 1, 2, 2, 2]","[4, 5, 2, 5, 3, 3, 1, 1, 2]"
"[0, 17, 7, 6, 8, 5, 14, 9, 1, 19]",1206,27,32,29,31,3.305555555555556,"[73, 187, 98, 130, 168, 50, 158, 143, 199]","[2, 3, 5, 2, 2, 3, 5, 1, 4]","[2, 5, 4, 3, 1, 5, 4, 3, 5]","[2, 2, 4, 2, 2, 4, 4, 4, 1]","[2, 1, 2, 4, 1, 1, 4, 4, 4]"
"[0, 2, 13, 17, 9, 6, 8, 5, 19]",970,16,19,22,25,2.5625,"[65, 120, 52, 185, 64, 130, 168, 186]","[2, 1, 1, 1, 5, 2, 2, 2]","[1, 1, 1, 5, 5, 3, 1, 2]","[5, 3, 4, 3, 5, 2, 2, 2]","[3, 4, 1, 5, 3, 4, 1, 2]"
"[0, 2, 1, 16, 8, 3, 12, 19]",855,24,23,22,13,2.9285714285714284,"[65, 157, 70, 158, 95, 141, 169]","[2, 5, 2, 2, 5, 3, 5]","[1, 5, 1, 5, 3, 5, 3]","[5, 1, 1, 4, 5, 3, 1]","[3, 3, 5, 3, 5, 5, 5]"
"[0, 13, 2, 9, 6, 3, 5, 19]",795,17,23,19,22,2.8928571428571423,"[95, 120, 109, 64, 74, 147, 186]","[3, 1, 1, 5, 4, 1, 2]","[4, 1, 4, 5, 3, 4, 2]","[4, 3, 3, 5, 2, 4, 2]","[3, 4, 2, 3, 2, 4, 2]"
"[0, 10, 8, 6, 3, 5, 11, 12, 1, 19]",1181,27,28,32,18,2.9166666666666665,"[200, 89, 130, 74, 147, 144, 106, 92, 199]","[5, 2, 2, 4, 1, 3, 2, 4, 4]","[2, 3, 3, 3, 4, 2, 5, 1, 5]","[1, 5, 2, 2, 4, 3, 2, 2, 1]","[4, 5, 4, 2, 4, 5, 5, 3, 4]"
"[0, 2, 15, 6, 7, 14, 9, 3, 12, 19]",1228,37,24,22,24,2.972222222222222,"[65, 67, 151, 98, 200, 158, 179, 141, 169]","[2, 5, 4, 5, 3, 5, 5, 3, 5]","[1, 2, 2, 4, 1, 4, 2, 5, 3]","[5, 4, 3, 4, 4, 4, 4, 3, 1]","[3, 2, 4, 2, 2, 4, 3, 5, 5]"
"[0, 3, 9, 14, 16, 2, 1, 12, 19]",1150,30,23,24,19,3.0,"[120, 179, 158, 165, 110, 157, 92, 169]","[2, 5, 5, 1, 3, 5, 4, 5]","[2, 2, 4, 2, 4, 5, 1, 3]","[4, 4, 4, 4, 4, 1, 2, 1]","[5, 3, 4, 5, 1, 3, 3, 5]"
"[0, 10, 8, 17, 9, 2, 1, 14, 5, 19]",1157,23,31,28,22,2.888888888888889,"[200, 89, 106, 185, 109, 157, 75, 50, 186]","[5, 2, 3, 1, 1, 5, 1, 3, 2]","[2, 3, 1, 5, 4, 5, 4, 5, 2]","[1, 5, 4, 3, 3, 1, 3, 4, 2]","[4, 5, 5, 5, 2, 3, 5, 1, 2]"
"[0, 3, 17, 7, 14, 16, 8, 10, 12, 19]",1324,22,24,26,23,2.638888888888889,"[120, 118, 187, 200, 165, 158, 89, 118, 169]","[2, 3, 3, 3, 1, 2, 2, 1, 5]","[2, 1, 5, 1, 2, 5, 3, 2, 3]","[4, 3, 2, 4, 4, 4, 5, 1, 1]","[5, 2, 1, 2, 5, 3, 5, 3, 5]"
"[0, 2, 9, 14, 7, 16, 1, 12, 11, 19]",1053,26,20,27,24,2.694444444444444,"[65, 109, 158, 200, 56, 70, 92, 106, 197]","[2, 1, 5, 3, 5, 2, 4, 2, 2]","[1, 4, 4, 1, 2, 1, 1, 5, 1]","[5, 3, 4, 4, 1, 1, 2, 2, 5]","[3, 2, 4, 2, 2, 5, 3, 5, 4]"
"[0, 2, 8, 17, 9, 14, 11, 1, 19]",1161,25,25,22,18,2.8125,"[65, 121, 106, 185, 158, 128, 199, 199]","[2, 3, 3, 1, 5, 2, 5, 4]","[1, 5, 1, 5, 4, 2, 2, 5]","[5, 2, 4, 3, 4, 5, 2, 1]","[3, 1, 5, 5, 4, 4, 4, 4]"
"[0, 2, 1, 12, 10, 8, 17, 14, 11, 19]",1033,25,17,25,21,2.444444444444444,"[65, 157, 92, 118, 89, 106, 81, 128, 197]","[2, 5, 4, 1, 2, 3, 4, 2, 2]","[1, 5, 1, 2, 3, 1, 1, 2, 1]","[5, 1, 2, 1, 5, 4, 1, 5, 5]","[3, 3, 3, 3, 5, 5, 3, 4, 4]"
"[0, 3, 6, 9, 2, 16, 8, 17, 5, 19]",1112,23,31,23,29,2.9444444444444446,"[120, 74, 64, 109, 110, 158, 106, 185, 186]","[2, 4, 5, 1, 3, 2, 3, 1, 2]","[2, 3, 5, 4, 4, 5, 1, 5, 2]","[4, 2, 5, 3, 4, 4, 4, 3, 2]","[5, 2, 3, 2, 1, 3, 5, 2, 2]"
"[0, 10, 8, 3, 6, 7, 14, 1, 11, 19]",1227,32,23,23,21,2.75,"[200, 89, 95, 74, 98, 200, 75, 199, 197]","[5, 2, 5, 4, 5, 3, 1, 5, 2]","[2, 3, 3, 3, 4, 1, 4, 2, 1]","[1, 5, 5, 2, 4, 4, 3, 2, 5]","[4, 5, 5, 2, 2, 2, 5, 4, 4]"
"[0, 13, 2, 16, 8, 3, 9, 1, 19]",1099,24,27,19,21,2.84375,"[95, 120, 110, 158, 95, 179, 143, 199]","[3, 1, 3, 2, 5, 5, 1, 4]","[4, 1, 4, 5, 3, 2, 3, 5]","[4, 3, 4, 4, 5, 4, 4, 1]","[3, 4, 1, 3, 5, 3, 4, 4]"
"[0, 2, 9, 14, 5, 3, 11, 1, 19]",1120,25,30,21,22,3.0625,"[65, 109, 158, 50, 147, 193, 199, 199]","[2, 1, 5, 3, 1, 4, 5, 4]","[1, 4, 4, 5, 4, 5, 2, 5]","[5, 3, 4, 4, 4, 4, 2, 1]","[3, 2, 4, 1, 4, 4, 4, 4]"
"[0, 10, 8, 3, 5, 11, 12, 19]",950,23,22,21,9,2.678571428571429,"[200, 89, 95, 147, 144, 106, 169]","[5, 2, 5, 1, 3, 2, 5]","[2, 3, 3, 4, 2, 5, 3]","[1, 5, 5, 4, 3, 2, 1]","[4, 5, 5, 4, 5, 5, 5]"
"[0, 17, 8, 16, 14, 9, 1, 19]",1002,18,22,19,15,2.642857142857143,"[73, 106, 158, 165, 158, 143, 199]","[2, 3, 2, 1, 5, 1, 4]","[2, 1, 5, 2, 4, 3, 5]","[2, 4, 4, 4, 4, 4, 1]","[2, 5, 3, 5, 4, 4, 4]"
"[0, 2, 8, 10, 6, 7, 17, 5, 19]",1048,23,29,22,27,3.15625,"[65, 121, 89, 117, 98, 187, 185, 186]","[2, 3, 2, 5, 5, 3, 1, 2]","[1, 5, 3, 4, 4, 5, 5, 2]","[5, 2, 5, 3, 4, 2, 3, 2]","[3, 1, 5, 5, 2, 1, 2, 2]"
"[0, 17, 7, 6, 3, 1, 14, 11, 19]",921,21,25,24,23,2.90625,"[73, 187, 98, 74, 89, 75, 128, 197]","[2, 3, 5, 4, 2, 1, 2, 2]","[2, 5, 4, 3, 4, 4, 2, 1]","[2, 2, 4, 2, 1, 3, 5, 5]","[2, 1, 2, 2, 5, 5, 4, 4]"
"[0, 10, 2, 9, 14, 17, 3, 8, 5, 19]",1167,31,23,32,26,3.111111111111111,"[200, 52, 109, 158, 81, 118, 95, 168, 186]","[5, 4, 1, 5, 4, 3, 5, 2, 2]","[2, 5, 4, 4, 1, 1, 3, 1, 2]","[1, 1, 3, 4, 1, 3, 5, 2, 2]","[4, 5, 2, 4, 3, 2, 5, 1, 2]"
"[0, 2, 1, 14, 17, 3, 8, 10, 12, 19]",967,28,23,29,20,2.7777777777777777,"[65, 157, 75, 81, 118, 95, 89, 118, 169]","[2, 5, 1, 4, 3, 5, 2, 1, 5]","[1, 5, 4, 1, 1, 3, 3, 2, 3]","[5, 1, 3, 1, 3, 5, 5, 1, 1]","[3, 3, 5, 3, 2, 5, 5, 3, 5]"
"[0, 10, 2, 9, 3, 11, 5, 14, 1, 19]",1201,30,34,30,21,3.1944444444444446,"[200, 52, 109, 179, 193, 144, 50, 75, 199]","[5, 4, 1, 5, 4, 3, 3, 1, 4]","[2, 5, 4, 2, 5, 2, 5, 4, 5]","[1, 1, 3, 4, 4, 3, 4, 3, 1]","[4, 5, 2, 3, 4, 5, 1, 5, 4]"
"[0, 10, 12, 3, 6, 9, 17, 8, 5, 19]",1242,26,26,31,24,2.972222222222222,"[200, 118, 141, 74, 64, 185, 106, 168, 186]","[5, 1, 3, 4, 5, 1, 3, 2, 2]","[2, 2, 5, 3, 5, 5, 1, 1, 2]","[1, 1, 3, 2, 5, 3, 4, 2, 2]","[4, 3, 5, 2, 3, 5, 5, 1, 2]"
"[0, 13, 2, 15, 6, 3, 9, 11, 1, 19]",1195,32,23,30,23,3.0,"[95, 120, 67, 151, 74, 179, 111, 199, 199]","[3, 1, 5, 4, 4, 5, 1, 5, 4]","[4, 1, 2, 2, 3, 2, 2, 2, 5]","[4, 3, 4, 3, 2, 4, 1, 2, 1]","[3, 4, 2, 4, 2, 3, 5, 4, 4]"
"[0, 17, 14, 16, 1, 2, 9, 3, 12, 19]",1144,28,25,34,21,3.0000000000000004,"[73, 81, 165, 70, 157, 109, 179, 141, 169]","[2, 4, 1, 2, 5, 1, 5, 3, 5]","[2, 1, 2, 1, 5, 4, 2, 5, 3]","[2, 1, 4, 1, 1, 3, 4, 3, 1]","[2, 3, 5, 5, 3, 2, 3, 5, 5]"
"[0, 2, 1, 14, 5, 3, 6, 10, 12, 19]",972,27,31,30,23,3.0833333333333335,"[65, 157, 75, 50, 147, 74, 117, 118, 169]","[2, 5, 1, 3, 1, 4, 5, 1, 5]","[1, 5, 4, 5, 4, 3, 4, 2, 3]","[5, 1, 3, 4, 4, 2, 3, 1, 1]","[3, 3, 5, 1, 4, 2, 5, 3, 5]"
"[0, 13, 17, 2, 15, 6, 16, 1, 11, 19]",1106,25,17,21,23,2.388888888888889,"[95, 52, 158, 67, 151, 117, 70, 199, 197]","[3, 1, 1, 5, 4, 2, 2, 5, 2]","[4, 1, 1, 2, 2, 3, 1, 2, 1]","[4, 4, 5, 4, 3, 5, 1, 2, 5]","[3, 1, 4, 2, 4, 4, 5, 4, 4]"
"[0, 17, 3, 1, 16, 6, 7, 12, 19]",814,26,20,30,22,3.0625,"[73, 118, 89, 70, 117, 98, 80, 169]","[2, 3, 2, 2, 2, 5, 5, 5]","[2, 1, 4, 1, 3, 4, 2, 3]","[2, 3, 1, 1, 5, 4, 1, 1]","[2, 2, 5, 5, 4, 2, 1, 5]"
"[0, 13, 17, 2, 9, 6, 3, 11, 5, 19]",1075,24,27,22,28,2.8055555555555554,"[95, 52, 158, 109, 64, 74, 193, 144, 186]","[3, 1, 1, 1, 5, 4, 4, 3, 2]","[4, 1, 1, 4, 5, 3, 5, 2, 2]","[4, 4, 5, 3, 5, 2, 4, 3, 2]","[3, 1, 4, 2, 3, 2, 4, 5, 2]"
"[0, 2, 8, 17, 7, 6, 10, 12, 19]",981,27,25,26,23,3.15625,"[65, 121, 106, 187, 98, 117, 118, 169]","[2, 3, 3, 3, 5, 5, 1, 5]","[1, 5, 1, 5, 4, 4, 2, 3]","[5, 2, 4, 2, 4, 3, 1, 1]","[3, 1, 5, 1, 2, 5, 3, 5]"
"[0, 2, 10, 6, 16, 7, 14, 11, 5, 19]",1065,28,22,25,22,2.694444444444444,"[65, 52, 117, 117, 56, 200, 128, 144, 186]","[2, 4, 5, 2, 5, 3, 2, 3, 2]","[1, 5, 4, 3, 2, 1, 2, 2, 2]","[5, 1, 3, 5, 1, 4, 5, 3, 2]","[3, 5, 5, 4, 2, 2, 4, 5, 2]"
"[0, 10, 8, 6, 3, 9, 17, 2, 1, 19]",1371,29,29,30,20,3.0,"[200, 89, 130, 74, 179, 185, 158, 157, 199]","[5, 2, 2, 4, 5, 1, 1, 5, 4]","[2, 3, 3, 3, 2, 5, 1, 5, 5]","[1, 5, 2, 2, 4, 3, 5, 1, 1]","[4, 5, 4, 2, 3, 5, 4, 3, 4]"
"[0, 10, 2, 9, 1, 14, 5, 11, 12, 19]",1048,25,33,32,18,3.0,"[200, 52, 109, 143, 75, 50, 144, 106, 169]","[5, 4, 1, 1, 1, 3, 3, 2, 5]","[2, 5, 4, 3, 4, 5, 2, 5, 3]","[1, 1, 3, 4, 3, 4, 3, 2, 1]","[4, 5, 2, 4, 5, 1, 5, 5, 5]"
"[0, 17, 9, 6, 3, 5, 14, 11, 19]",918,20,27,18,23,2.75,"[73, 185, 64, 74, 147, 50, 128, 197]","[2, 1, 5, 4, 1, 3, 2, 2]","[2, 5, 5, 3, 4, 5, 2, 1]","[2, 3, 5, 2, 4, 4, 5, 5]","[2, 5, 3, 2, 4, 1, 4, 4]"
"[0, 17, 8, 10, 6, 15, 2, 1, 11, 19]",1156,33,22,25,20,2.7777777777777777,"[73, 106, 89, 117, 151, 67, 157, 199, 197]","[2, 3, 2, 5, 4, 5, 5, 5, 2]","[2, 1, 3, 4, 2, 2, 5, 2, 1]","[2, 4, 5, 3, 3, 4, 1, 2, 5]","[2, 5, 5, 5, 4, 2, 3, 4, 4]"
"[0, 3, 11, 14, 7, 16, 8, 10, 12, 19]",1231,26,25,25,21,2.694444444444444,"[120, 193, 128, 200, 56, 158, 89, 118, 169]","[2, 4, 2, 3, 5, 2, 2, 1, 5]","[2, 5, 2, 1, 2, 5, 3, 2, 3]","[4, 4, 5, 4, 1, 4, 5, 1, 1]","[5, 4, 4, 2, 2, 3, 5, 3, 5]"
"[0, 3, 9, 2, 10, 12, 11, 1, 19]",1082,24,27,30,17,3.0625,"[120, 179, 109, 52, 118, 106, 199, 199]","[2, 5, 1, 4, 1, 2, 5, 4]","[2, 2, 4, 5, 2, 5, 2, 5]","[4, 4, 3, 1, 1, 2, 2, 1]","[5, 3, 2, 5, 3, 5, 4, 4]"
"[0, 3, 8, 2, 13, 17, 9, 14, 5, 19]",1087,23,28,23,26,2.7777777777777777,"[120, 95, 121, 120, 52, 185, 158, 50, 186]","[2, 5, 3, 1, 1, 1, 5, 3, 2]","[2, 3, 5, 1, 1, 5, 4, 5, 2]","[4, 5, 2, 3, 4, 3, 4, 4, 2]","[5, 5, 1, 4, 1, 5, 4, 1, 2]"
"[0, 10, 2, 16, 14, 11, 1, 12, 19]",1115,29,21,28,17,2.96875,"[200, 52, 110, 165, 128, 199, 92, 169]","[5, 4, 3, 1, 2, 5, 4, 5]","[2, 5, 4, 2, 2, 2, 1, 3]","[1, 1, 4, 4, 5, 2, 2, 1]","[4, 5, 1, 5, 4, 4, 3, 5]"
"[0, 10, 2, 8, 17, 5, 14, 11, 12, 19]",1117,28,33,31,22,3.1666666666666665,"[200, 52, 121, 106, 185, 50, 128, 106, 169]","[5, 4, 3, 3, 1, 3, 2, 2, 5]","[2, 5, 5, 1, 5, 5, 2, 5, 3]","[1, 1, 2, 4, 3, 4, 5, 2, 1]","[4, 5, 1, 5, 2, 1, 4, 5, 5]"
"[0, 17, 2, 10, 8, 6, 9, 11, 5, 19]",1007,22,25,28,19,2.611111111111111,"[73, 158, 52, 89, 130, 64, 111, 144, 186]","[2, 1, 4, 2, 2, 5, 1, 3, 2]","[2, 1, 5, 3, 3, 5, 2, 2, 2]","[2, 5, 1, 5, 2, 5, 1, 3, 2]","[2, 4, 5, 5, 4, 3, 5, 5, 2]"
"[0, 13, 17, 5, 8, 6, 10, 2, 1, 19]",1155,27,33,33,26,3.3055555555555554,"[95, 52, 185, 168, 130, 117, 52, 157, 199]","[3, 1, 1, 2, 2, 5, 4, 5, 4]","[4, 1, 5, 1, 3, 4, 5, 5, 5]","[4, 4, 3, 2, 2, 3, 1, 1, 1]","[3, 1, 2, 1, 4, 5, 5, 3, 4]"
"[0, 3, 6, 7, 17, 2, 10, 8, 5, 19]",1132,25,26,27,27,2.9166666666666665,"[120, 74, 98, 187, 158, 52, 89, 168, 186]","[2, 4, 5, 3, 1, 4, 2, 2, 2]","[2, 3, 4, 5, 1, 5, 3, 1, 2]","[4, 2, 4, 2, 5, 1, 5, 2, 2]","[5, 2, 2, 1, 4, 5, 5, 1, 2]"
"[0, 2, 8, 3, 6, 16, 14, 5, 11, 19]",1028,25,25,19,24,2.583333333333333,"[65, 121, 95, 74, 117, 165, 50, 144, 197]","[2, 3, 5, 4, 2, 1, 3, 3, 2]","[1, 5, 3, 3, 3, 2, 5, 2, 1]","[5, 2, 5, 2, 5, 4, 4, 3, 5]","[3, 1, 5, 2, 4, 5, 1, 5, 4]"
"[0, 2, 8, 3, 1, 16, 14, 11, 5, 19]",1063,22,22,26,19,2.4722222222222223,"[65, 121, 95, 89, 70, 165, 128, 144, 186]","[2, 3, 5, 2, 2, 1, 2, 3, 2]","[1, 5, 3, 4, 1, 2, 2, 2, 2]","[5, 2, 5, 1, 1, 4, 5, 3, 2]","[3, 1, 5, 5, 5, 5, 4, 5, 2]"
"[0, 13, 17, 5, 8, 3, 1, 12, 19]",945,23,22,26,23,2.9375,"[95, 52, 185, 168, 95, 89, 92, 169]","[3, 1, 1, 2, 5, 2, 4, 5]","[4, 1, 5, 1, 3, 4, 1, 3]","[4, 4, 3, 2, 5, 1, 2, 1]","[3, 1, 2, 1, 5, 5, 3, 5]"
"[0, 17, 7, 16, 8, 2, 1, 19]",951,24,29,29,26,3.8571428571428577,"[73, 187, 56, 158, 121, 157, 199]","[2, 3, 5, 2, 3, 5, 4]","[2, 5, 2, 5, 5, 5, 5]","[2, 2, 1, 4, 2, 1, 1]","[2, 1, 2, 3, 1, 3, 4]"
"[0, 17, 14, 5, 8, 3, 11, 1, 12, 19]",1120,34,23,31,26,3.166666666666667,"[73, 81, 50, 168, 95, 193, 199, 92, 169]","[2, 4, 3, 2, 5, 4, 5, 4, 5]","[2, 1, 5, 1, 3, 5, 2, 1, 3]","[2, 1, 4, 2, 5, 4, 2, 2, 1]","[2, 3, 1, 1, 5, 4, 4, 3, 5]"
"[0, 10, 12, 7, 16, 2, 17, 8, 5, 19]",1182,27,17,33,31,3.0,"[200, 118, 80, 56, 110, 158, 106, 168, 186]","[5, 1, 5, 5, 3, 1, 3, 2, 2]","[2, 2, 2, 2, 4, 1, 1, 1, 2]","[1, 1, 1, 1, 4, 5, 4, 2, 2]","[4, 3, 1, 2, 1, 4, 5, 1, 2]"
"[0, 13, 2, 17, 9, 11, 12, 1, 19]",1066,17,24,27,15,2.59375,"[95, 120, 158, 185, 111, 106, 92, 199]","[3, 1, 1, 1, 1, 2, 4, 4]","[4, 1, 1, 5, 2, 5, 1, 5]","[4, 3, 5, 3, 1, 2, 2, 1]","[3, 4, 4, 5, 5, 5, 3, 4]"
"[0, 3, 1, 9, 6, 8, 16, 2, 13, 19]",1072,21,31,26,24,2.8333333333333335,"[120, 89, 143, 64, 130, 158, 110, 120, 138]","[2, 2, 1, 5, 2, 2, 3, 1, 3]","[2, 4, 3, 5, 3, 5, 4, 1, 4]","[4, 1, 4, 5, 2, 4, 4, 3, 1]","[5, 5, 4, 3, 4, 3, 1, 4, 1]"
"[0, 3, 8, 6, 9, 17, 7, 14, 11, 19]",1306,25,27,19,21,2.555555555555556,"[120, 95, 130, 64, 185, 187, 200, 128, 197]","[2, 5, 2, 5, 1, 3, 3, 2, 2]","[2, 3, 3, 5, 5, 5, 1, 2, 1]","[4, 5, 2, 5, 3, 2, 4, 5, 5]","[5, 5, 4, 3, 5, 1, 2, 4, 4]"
"[0, 17, 14, 11, 3, 12, 10, 8, 5, 19]",1177,22,23,29,25,2.75,"[73, 81, 128, 193, 141, 118, 89, 168, 186]","[2, 4, 2, 4, 3, 1, 2, 2, 2]","[2, 1, 2, 5, 5, 2, 3, 1, 2]","[2, 1, 5, 4, 3, 1, 5, 2, 2]","[2, 3, 4, 4, 5, 3, 5, 1, 2]"
"[0, 2, 1, 12, 7, 6, 8, 17, 13, 19]",918,30,22,30,31,3.1388888888888893,"[65, 157, 92, 80, 98, 130, 106, 52, 138]","[2, 5, 4, 5, 5, 2, 3, 1, 3]","[1, 5, 1, 2, 4, 3, 1, 1, 4]","[5, 1, 2, 1, 4, 2, 4, 4, 1]","[3, 3, 3, 1, 2, 4, 5, 1, 1]"
"[0, 2, 16, 7, 6, 3, 5, 17, 13, 19]",925,25,28,26,36,3.1944444444444446,"[65, 110, 56, 98, 74, 147, 185, 52, 138]","[2, 3, 5, 5, 4, 1, 1, 1, 3]","[1, 4, 2, 4, 3, 4, 5, 1, 4]","[5, 4, 1, 4, 2, 4, 3, 4, 1]","[3, 1, 2, 2, 2, 4, 2, 1, 1]"
"[0, 3, 8, 5, 17, 2, 16, 7, 12, 19]",1141,29,23,28,28,3.0,"[120, 95, 168, 185, 158, 110, 56, 80, 169]","[2, 5, 2, 1, 1, 3, 5, 5, 5]","[2, 3, 1, 5, 1, 4, 2, 2, 3]","[4, 5, 2, 3, 5, 4, 1, 1, 1]","[5, 5, 1, 2, 4, 1, 2, 1, 5]"
"[0, 2, 17, 9, 6, 3, 11, 5, 19]",1069,22,24,19,20,2.65625,"[65, 158, 185, 64, 74, 193, 144, 186]","[2, 1, 1, 5, 4, 4, 3, 2]","[1, 1, 5, 5, 3, 5, 2, 2]","[5, 5, 3, 5, 2, 4, 3, 2]","[3, 4, 5, 3, 2, 4, 5, 2]"
"[0, 17, 3, 6, 7, 16, 2, 1, 11, 19]",1082,34,24,30,32,3.3333333333333335,"[73, 118, 74, 98, 56, 110, 157, 199, 197]","[2, 3, 4, 5, 5, 3, 5, 5, 2]","[2, 1, 3, 4, 2, 4, 5, 2, 1]","[2, 3, 2, 4, 1, 4, 1, 2, 5]","[2, 2, 2, 2, 2, 1, 3, 4, 4]"
"[0, 10, 2, 8, 6, 3, 17, 14, 1, 19]",1050,30,29,38,24,3.361111111111111,"[200, 52, 121, 130, 74, 118, 81, 75, 199]","[5, 4, 3, 2, 4, 3, 4, 1, 4]","[2, 5, 5, 3, 3, 1, 1, 4, 5]","[1, 1, 2, 2, 2, 3, 1, 3, 1]","[4, 5, 1, 4, 2, 2, 3, 5, 4]"
"[0, 17, 5, 14, 16, 6, 9, 1, 11, 19]",1193,22,28,20,25,2.638888888888889,"[73, 185, 50, 165, 117, 64, 143, 199, 197]","[2, 1, 3, 1, 2, 5, 1, 5, 2]","[2, 5, 5, 2, 3, 5, 3, 2, 1]","[2, 3, 4, 4, 5, 5, 4, 2, 5]","[2, 2, 1, 5, 4, 3, 4, 4, 4]"
"[0, 3, 1, 12, 10, 8, 16, 2, 13, 19]",1034,20,26,29,24,2.7499999999999996,"[120, 89, 92, 118, 89, 158, 110, 120, 138]","[2, 2, 4, 1, 2, 2, 3, 1, 3]","[2, 4, 1, 2, 3, 5, 4, 1, 4]","[4, 1, 2, 1, 5, 4, 4, 3, 1]","[5, 5, 3, 3, 5, 3, 1, 4, 1]"
"[0, 2, 1, 14, 7, 16, 8, 3, 5, 19]",1139,26,27,25,25,2.8611111111111116,"[65, 157, 75, 200, 56, 158, 95, 147, 186]","[2, 5, 1, 3, 5, 2, 5, 1, 2]","[1, 5, 4, 1, 2, 5, 3, 4, 2]","[5, 1, 3, 4, 1, 4, 5, 4, 2]","[3, 3, 5, 2, 2, 3, 5, 4, 2]"
"[0, 17, 9, 1, 12, 7, 6, 3, 11, 19]",1135,28,26,27,27,3.0,"[73, 185, 143, 92, 80, 98, 74, 193, 197]","[2, 1, 1, 4, 5, 5, 4, 4, 2]","[2, 5, 3, 1, 2, 4, 3, 5, 1]","[2, 3, 4, 2, 1, 4, 2, 4, 5]","[2, 5, 4, 3, 1, 2, 2, 4, 4]"
"[0, 10, 6, 9, 1, 11, 14, 7, 12, 19]",1300,36,24,28,22,3.0555555555555554,"[200, 117, 64, 143, 199, 128, 200, 80, 169]","[5, 5, 5, 1, 5, 2, 3, 5, 5]","[2, 4, 5, 3, 2, 2, 1, 2, 3]","[1, 3, 5, 4, 2, 5, 4, 1, 1]","[4, 5, 3, 4, 4, 4, 2, 1, 5]"
"[0, 17, 9, 3, 11, 12, 7, 16, 1, 19]",1141,30,29,35,23,3.25,"[73, 185, 179, 193, 106, 80, 56, 70, 199]","[2, 1, 5, 4, 2, 5, 5, 2, 4]","[2, 5, 2, 5, 5, 2, 2, 1, 5]","[2, 3, 4, 4, 2, 1, 1, 1, 1]","[2, 5, 3, 4, 5, 1, 2, 5, 4]"
"[0, 3, 8, 2, 17, 5, 14, 7, 12, 19]",1178,28,27,25,28,3.0,"[120, 95, 121, 158, 185, 50, 200, 80, 169]","[2, 5, 3, 1, 1, 3, 3, 5, 5]","[2, 3, 5, 1, 5, 5, 1, 2, 3]","[4, 5, 2, 5, 3, 4, 4, 1, 1]","[5, 5, 1, 4, 2, 1, 2, 1, 5]"
"[0, 2, 17, 14, 11, 3, 9, 1, 12, 19]",1208,28,19,23,21,2.5277777777777777,"[65, 158, 81, 128, 193, 179, 143, 92, 169]","[2, 1, 4, 2, 4, 5, 1, 4, 5]","[1, 1, 1, 2, 5, 2, 3, 1, 3]","[5, 5, 1, 5, 4, 4, 4, 2, 1]","[3, 4, 3, 4, 4, 3, 4, 3, 5]"
"[0, 17, 9, 3, 11, 12, 1, 19]",1027,22,25,24,16,3.1071428571428568,"[73, 185, 179, 193, 106, 92, 199]","[2, 1, 5, 4, 2, 4, 4]","[2, 5, 2, 5, 5, 1, 5]","[2, 3, 4, 4, 2, 2, 1]","[2, 5, 3, 4, 5, 3, 4]"
"[0, 13, 17, 9, 1, 16, 8, 5, 11, 19]",1212,17,23,24,23,2.4166666666666665,"[95, 52, 185, 143, 70, 158, 168, 144, 197]","[3, 1, 1, 1, 2, 2, 2, 3, 2]","[4, 1, 5, 3, 1, 5, 1, 2, 1]","[4, 4, 3, 4, 1, 4, 2, 3, 5]","[3, 1, 5, 4, 5, 3, 1, 5, 4]"
"[0, 10, 6, 16, 14, 5, 8, 17, 13, 19]",1113,25,23,26,27,2.8055555555555554,"[200, 117, 117, 165, 50, 168, 106, 52, 138]","[5, 5, 2, 1, 3, 2, 3, 1, 3]","[2, 4, 3, 2, 5, 1, 1, 1, 4]","[1, 3, 5, 4, 4, 2, 4, 4, 1]","[4, 5, 4, 5, 1, 1, 5, 1, 1]"
"[0, 10, 2, 16, 14, 11, 1, 3, 5, 19]",1276,25,27,30,20,2.833333333333333,"[200, 52, 110, 165, 128, 199, 89, 147, 186]","[5, 4, 3, 1, 2, 5, 2, 1, 2]","[2, 5, 4, 2, 2, 2, 4, 4, 2]","[1, 1, 4, 4, 5, 2, 1, 4, 2]","[4, 5, 1, 5, 4, 4, 5, 4, 2]"
"[0, 2, 10, 12, 11, 14, 1, 3, 5, 19]",966,17,29,30,18,2.611111111111111,"[65, 52, 118, 106, 128, 75, 89, 147, 186]","[2, 4, 1, 2, 2, 1, 2, 1, 2]","[1, 5, 2, 5, 2, 4, 4, 4, 2]","[5, 1, 1, 2, 5, 3, 1, 4, 2]","[3, 5, 3, 5, 4, 5, 5, 4, 2]"
"[0, 10, 2, 8, 16, 6, 9, 3, 5, 19]",1224,29,33,26,25,3.1388888888888893,"[200, 52, 121, 158, 117, 64, 179, 147, 186]","[5, 4, 3, 2, 2, 5, 5, 1, 2]","[2, 5, 5, 5, 3, 5, 2, 4, 2]","[1, 1, 2, 4, 5, 5, 4, 4, 2]","[4, 5, 1, 3, 4, 3, 3, 4, 2]"
"[0, 17, 14, 16, 2, 1, 3, 11, 19]",1065,23,24,26,21,2.9375,"[73, 81, 165, 110, 157, 89, 193, 197]","[2, 4, 1, 3, 5, 2, 4, 2]","[2, 1, 2, 4, 5, 4, 5, 1]","[2, 1, 4, 4, 1, 1, 4, 5]","[2, 3, 5, 1, 3, 5, 4, 4]"
"[0, 17, 14, 7, 6, 9, 3, 12, 11, 19]",1139,31,26,24,25,2.9444444444444446,"[73, 81, 200, 98, 64, 179, 141, 106, 197]","[2, 4, 3, 5, 5, 5, 3, 2, 2]","[2, 1, 1, 4, 5, 2, 5, 5, 1]","[2, 1, 4, 4, 5, 4, 3, 2, 5]","[2, 3, 2, 2, 3, 3, 5, 5, 4]"
"[0, 3, 1, 14, 7, 17, 8, 5, 19]",1131,18,20,26,22,2.6875,"[120, 89, 75, 200, 187, 106, 168, 186]","[2, 2, 1, 3, 3, 3, 2, 2]","[2, 4, 4, 1, 5, 1, 1, 2]","[4, 1, 3, 4, 2, 4, 2, 2]","[5, 5, 5, 2, 1, 5, 1, 2]"
"[0, 13, 17, 7, 16, 2, 9, 14, 11, 19]",1092,25,27,22,32,2.944444444444444,"[95, 52, 187, 56, 110, 109, 158, 128, 197]","[3, 1, 3, 5, 3, 1, 5, 2, 2]","[4, 1, 5, 2, 4, 4, 4, 2, 1]","[4, 4, 2, 1, 4, 3, 4, 5, 5]","[3, 1, 1, 2, 1, 2, 4, 4, 4]"
"[0, 2, 15, 6, 7, 14, 1, 19]",855,24,19,18,20,2.892857142857143,"[65, 67, 151, 98, 200, 75, 199]","[2, 5, 4, 5, 3, 1, 4]","[1, 2, 2, 4, 1, 4, 5]","[5, 4, 3, 4, 4, 3, 1]","[3, 2, 4, 2, 2, 5, 4]"
"[0, 17, 8, 6, 15, 2, 9, 11, 5, 19]",1077,23,20,30,23,2.6666666666666665,"[73, 106, 130, 151, 67, 109, 111, 144, 186]","[2, 3, 2, 4, 5, 1, 1, 3, 2]","[2, 1, 3, 2, 2, 4, 2, 2, 2]","[2, 4, 2, 3, 4, 3, 1, 3, 2]","[2, 5, 4, 4, 2, 2, 5, 5, 2]"
"[0, 3, 12, 10, 2, 17, 14, 1, 11, 19]",1141,23,23,29,16,2.5277777777777777,"[120, 141, 118, 52, 158, 81, 75, 199, 197]","[2, 3, 1, 4, 1, 4, 1, 5, 2]","[2, 5, 2, 5, 1, 1, 4, 2, 1]","[4, 3, 1, 1, 5, 1, 3, 2, 5]","[5, 5, 3, 5, 4, 3, 5, 4, 4]"
"[0, 3, 8, 5, 17, 9, 2, 1, 11, 19]",1415,24,28,26,23,2.8055555555555554,"[120, 95, 168, 185, 185, 109, 157, 199, 197]","[2, 5, 2, 1, 1, 1, 5, 5, 2]","[2, 3, 1, 5, 5, 4, 5, 2, 1]","[4, 5, 2, 3, 3, 3, 1, 2, 5]","[5, 5, 1, 2, 5, 2, 3, 4, 4]"
"[0, 2, 10, 6, 18, 4, 8, 17, 5, 19]",1102,23,29,25,26,2.861111111111111,"[65, 52, 117, 115, 197, 79, 106, 185, 186]","[2, 4, 5, 1, 4, 1, 3, 1, 2]","[1, 5, 4, 4, 2, 5, 1, 5, 2]","[5, 1, 3, 5, 2, 4, 4, 3, 2]","[3, 5, 5, 1, 2, 3, 5, 2, 2]"
"[0, 2, 9, 6, 3, 8, 16, 14, 11, 19]",1055,24,26,16,23,2.4722222222222223,"[65, 109, 64, 74, 95, 158, 165, 128, 197]","[2, 1, 5, 4, 5, 2, 1, 2, 2]","[1, 4, 5, 3, 3, 5, 2, 2, 1]","[5, 3, 5, 2, 5, 4, 4, 5, 5]","[3, 2, 3, 2, 5, 3, 5, 4, 4]"
"[0, 10, 12, 1, 14, 7, 6, 9, 11, 19]",1155,27,22,28,23,2.7777777777777777,"[200, 118, 92, 75, 200, 98, 64, 111, 197]","[5, 1, 4, 1, 3, 5, 5, 1, 2]","[2, 2, 1, 4, 1, 4, 5, 2, 1]","[1, 1, 2, 3, 4, 4, 5, 1, 5]","[4, 3, 3, 5, 2, 2, 3, 5, 4]"
"[0, 3, 9, 17, 7, 16, 8, 10, 12, 19]",1261,26,29,29,22,2.944444444444444,"[120, 179, 185, 187, 56, 158, 89, 118, 169]","[2, 5, 1, 3, 5, 2, 2, 1, 5]","[2, 2, 5, 5, 2, 5, 3, 2, 3]","[4, 4, 3, 2, 1, 4, 5, 1, 1]","[5, 3, 5, 1, 2, 3, 5, 3, 5]"
"[0, 10, 12, 1, 16, 8, 17, 5, 19]",1115,20,19,30,21,2.8125,"[200, 118, 92, 70, 158, 106, 185, 186]","[5, 1, 4, 2, 2, 3, 1, 2]","[2, 2, 1, 1, 5, 1, 5, 2]","[1, 1, 2, 1, 4, 4, 3, 2]","[4, 3, 3, 5, 3, 5, 2, 2]"
"[0, 13, 2, 16, 8, 3, 5, 11, 1, 19]",1267,27,30,24,21,2.8333333333333335,"[95, 120, 110, 158, 95, 147, 144, 199, 199]","[3, 1, 3, 2, 5, 1, 3, 5, 4]","[4, 1, 4, 5, 3, 4, 2, 2, 5]","[4, 3, 4, 4, 5, 4, 3, 2, 1]","[3, 4, 1, 3, 5, 4, 5, 4, 4]"
"[0, 3, 6, 10, 2, 16, 8, 5, 19]",985,24,26,26,24,3.125,"[120, 74, 117, 52, 110, 158, 168, 186]","[2, 4, 5, 4, 3, 2, 2, 2]","[2, 3, 4, 5, 4, 5, 1, 2]","[4, 2, 3, 1, 4, 4, 2, 2]","[5, 2, 5, 5, 1, 3, 1, 2]"
"[0, 3, 11, 9, 2, 1, 12, 19]",951,22,22,26,15,3.0357142857142856,"[120, 193, 111, 109, 157, 92, 169]","[2, 4, 1, 1, 5, 4, 5]","[2, 5, 2, 4, 5, 1, 3]","[4, 4, 1, 3, 1, 2, 1]","[5, 4, 5, 2, 3, 3, 5]"
"[0, 17, 8, 5, 3, 11, 12, 1, 19]",1084,22,24,27,20,2.90625,"[73, 106, 168, 147, 193, 106, 92, 199]","[2, 3, 2, 1, 4, 2, 4, 4]","[2, 1, 1, 4, 5, 5, 1, 5]","[2, 4, 2, 4, 4, 2, 2, 1]","[2, 5, 1, 4, 4, 5, 3, 4]"
"[0, 3, 6, 8, 2, 17, 7, 12, 11, 19]",1173,24,27,29,27,2.9722222222222223,"[120, 74, 130, 121, 158, 187, 80, 106, 197]","[2, 4, 2, 3, 1, 3, 5, 2, 2]","[2, 3, 3, 5, 1, 5, 2, 5, 1]","[4, 2, 2, 2, 5, 2, 1, 2, 5]","[5, 2, 4, 1, 4, 1, 1, 5, 4]"
"[0, 17, 14, 7, 12, 3, 8, 16, 1, 19]",1097,30,25,32,24,3.083333333333333,"[73, 81, 200, 80, 141, 95, 158, 70, 199]","[2, 4, 3, 5, 3, 5, 2, 2, 4]","[2, 1, 1, 2, 5, 3, 5, 1, 5]","[2, 1, 4, 1, 3, 5, 4, 1, 1]","[2, 3, 2, 1, 5, 5, 3, 5, 4]"
"[0, 3, 8, 16, 14, 1, 12, 19]",874,20,20,19,11,2.5,"[120, 95, 158, 165, 75, 92, 169]","[2, 5, 2, 1, 1, 4, 5]","[2, 3, 5, 2, 4, 1, 3]","[4, 5, 4, 4, 3, 2, 1]","[5, 5, 3, 5, 5, 3, 5]"
"[0, 10, 2, 1, 14, 16, 8, 3, 11, 19]",1292,29,32,26,16,2.8611111111111107,"[200, 52, 157, 75, 165, 158, 95, 193, 197]","[5, 4, 5, 1, 1, 2, 5, 4, 2]","[2, 5, 5, 4, 2, 5, 3, 5, 1]","[1, 1, 1, 3, 4, 4, 5, 4, 5]","[4, 5, 3, 5, 5, 3, 5, 4, 4]"
"[0, 17, 7, 12, 3, 9, 1, 2, 13, 19]",1218,28,29,33,30,3.3333333333333335,"[73, 187, 80, 141, 179, 143, 157, 120, 138]","[2, 3, 5, 3, 5, 1, 5, 1, 3]","[2, 5, 2, 5, 2, 3, 5, 1, 4]","[2, 2, 1, 3, 4, 4, 1, 3, 1]","[2, 1, 1, 5, 3, 4, 3, 4, 1]"
"[0, 13, 2, 17, 7, 6, 3, 12, 19]",1042,25,26,24,22,3.03125,"[95, 120, 158, 187, 98, 74, 141, 169]","[3, 1, 1, 3, 5, 4, 3, 5]","[4, 1, 1, 5, 4, 3, 5, 3]","[4, 3, 5, 2, 4, 2, 3, 1]","[3, 4, 4, 1, 2, 2, 5, 5]"
"[0, 10, 6, 3, 17, 14, 9, 11, 1, 19]",1257,36,24,36,21,3.25,"[200, 117, 74, 118, 81, 158, 111, 199, 199]","[5, 5, 4, 3, 4, 5, 1, 5, 4]","[2, 4, 3, 1, 1, 4, 2, 2, 5]","[1, 3, 2, 3, 1, 4, 1, 2, 1]","[4, 5, 2, 2, 3, 4, 5, 4, 4]"
"[0, 2, 1, 14, 17, 7, 12, 11, 19]",948,24,24,28,23,3.09375,"[65, 157, 75, 81, 187, 80, 106, 197]","[2, 5, 1, 4, 3, 5, 2, 2]","[1, 5, 4, 1, 5, 2, 5, 1]","[5, 1, 3, 1, 2, 1, 2, 5]","[3, 3, 5, 3, 1, 1, 5, 4]"
"[0, 17, 14, 5, 3, 12, 11, 1, 19]",996,24,29,29,20,3.1875,"[73, 81, 50, 147, 141, 106, 199, 199]","[2, 4, 3, 1, 3, 2, 5, 4]","[2, 1, 5, 4, 5, 5, 2, 5]","[2, 1, 4, 4, 3, 2, 2, 1]","[2, 3, 1, 4, 5, 5, 4, 4]"
"[0, 13, 17, 8, 10, 2, 16, 14, 5, 19]",905,22,27,22,26,2.6944444444444446,"[95, 52, 106, 89, 52, 110, 165, 50, 186]","[3, 1, 3, 2, 4, 3, 1, 3, 2]","[4, 1, 1, 3, 5, 4, 2, 5, 2]","[4, 4, 4, 5, 1, 4, 4, 4, 2]","[3, 1, 5, 5, 5, 1, 5, 1, 2]"
"[0, 17, 2, 10, 12, 7, 14, 11, 19]",1006,20,16,24,23,2.59375,"[73, 158, 52, 118, 80, 200, 128, 197]","[2, 1, 4, 1, 5, 3, 2, 2]","[2, 1, 5, 2, 2, 1, 2, 1]","[2, 5, 1, 1, 1, 4, 5, 5]","[2, 4, 5, 3, 1, 2, 4, 4]"
"[0, 10, 8, 3, 6, 16, 14, 9, 11, 19]",1206,27,23,22,16,2.4444444444444446,"[200, 89, 95, 74, 117, 165, 158, 111, 197]","[5, 2, 5, 4, 2, 1, 5, 1, 2]","[2, 3, 3, 3, 3, 2, 4, 2, 1]","[1, 5, 5, 2, 5, 4, 4, 1, 5]","[4, 5, 5, 2, 4, 5, 4, 5, 4]"
"[0, 17, 14, 16, 1, 9, 6, 8, 5, 19]",1080,21,20,31,25,2.6944444444444446,"[73, 81, 165, 70, 143, 64, 130, 168, 186]","[2, 4, 1, 2, 1, 5, 2, 2, 2]","[2, 1, 2, 1, 3, 5, 3, 1, 2]","[2, 1, 4, 1, 4, 5, 2, 2, 2]","[2, 3, 5, 5, 4, 3, 4, 1, 2]"
"[0, 10, 8, 2, 1, 12, 11, 14, 5, 19]",1129,28,30,30,26,3.166666666666667,"[200, 89, 121, 157, 92, 106, 128, 50, 186]","[5, 2, 3, 5, 4, 2, 2, 3, 2]","[2, 3, 5, 5, 1, 5, 2, 5, 2]","[1, 5, 2, 1, 2, 2, 5, 4, 2]","[4, 5, 1, 3, 3, 5, 4, 1, 2]"
"[0, 2, 9, 11, 1, 16, 6, 8, 5, 19]",1155,19,19,31,24,2.5833333333333335,"[65, 109, 111, 199, 70, 117, 130, 168, 186]","[2, 1, 1, 5, 2, 2, 2, 2, 2]","[1, 4, 2, 2, 1, 3, 3, 1, 2]","[5, 3, 1, 2, 1, 5, 2, 2, 2]","[3, 2, 5, 4, 5, 4, 4, 1, 2]"
"[0, 2, 8, 17, 5, 14, 9, 3, 1, 19]",1152,28,32,26,26,3.111111111111111,"[65, 121, 106, 185, 50, 158, 179, 89, 199]","[2, 3, 3, 1, 3, 5, 5, 2, 4]","[1, 5, 1, 5, 5, 4, 2, 4, 5]","[5, 2, 4, 3, 4, 4, 4, 1, 1]","[3, 1, 5, 2, 1, 4, 3, 5, 4]"
"[0, 2, 10, 12, 11, 1, 9, 14, 5, 19]",1077,25,29,29,23,2.944444444444444,"[65, 52, 118, 106, 199, 143, 158, 50, 186]","[2, 4, 1, 2, 5, 1, 5, 3, 2]","[1, 5, 2, 5, 2, 3, 4, 5, 2]","[5, 1, 1, 2, 2, 4, 4, 4, 2]","[3, 5, 3, 5, 4, 4, 4, 1, 2]"
"[0, 17, 3, 6, 10, 12, 7, 14, 1, 19]",1054,28,24,34,28,3.1666666666666665,"[73, 118, 74, 117, 118, 80, 200, 75, 199]","[2, 3, 4, 5, 1, 5, 3, 1, 4]","[2, 1, 3, 4, 2, 2, 1, 4, 5]","[2, 3, 2, 3, 1, 1, 4, 3, 1]","[2, 2, 2, 5, 3, 1, 2, 5, 4]"
"[0, 17, 9, 14, 11, 5, 8, 16, 1, 19]",1283,23,27,29,21,2.777777777777778,"[73, 185, 158, 128, 144, 168, 158, 70, 199]","[2, 1, 5, 2, 3, 2, 2, 2, 4]","[2, 5, 4, 2, 2, 1, 5, 1, 5]","[2, 3, 4, 5, 3, 2, 4, 1, 1]","[2, 5, 4, 4, 5, 1, 3, 5, 4]"
"[0, 17, 5, 14, 7, 6, 15, 2, 13, 19]",1082,27,26,26,34,3.1388888888888893,"[73, 185, 50, 200, 98, 151, 67, 120, 138]","[2, 1, 3, 3, 5, 4, 5, 1, 3]","[2, 5, 5, 1, 4, 2, 2, 1, 4]","[2, 3, 4, 4, 4, 3, 4, 3, 1]","[2, 2, 1, 2, 2, 4, 2, 4, 1]"
"[0, 3, 8, 17, 9, 1, 11, 14, 5, 19]",1212,24,25,21,19,2.4722222222222223,"[120, 95, 106, 185, 143, 199, 128, 50, 186]","[2, 5, 3, 1, 1, 5, 2, 3, 2]","[2, 3, 1, 5, 3, 2, 2, 5, 2]","[4, 5, 4, 3, 4, 2, 5, 4, 2]","[5, 5, 5, 5, 4, 4, 4, 1, 2]"
"[0, 10, 12, 3, 5, 14, 9, 2, 1, 19]",1279,28,36,32,24,3.333333333333333,"[200, 118, 141, 147, 50, 158, 109, 157, 199]","[5, 1, 3, 1, 3, 5, 1, 5, 4]","[2, 2, 5, 4, 5, 4, 4, 5, 5]","[1, 1, 3, 4, 4, 4, 3, 1, 1]","[4, 3, 5, 4, 1, 4, 2, 3, 4]"
"[0, 10, 8, 6, 16, 14, 17, 3, 5, 19]",1233,22,21,27,21,2.527777777777778,"[200, 89, 130, 117, 165, 81, 118, 147, 186]","[5, 2, 2, 2, 1, 4, 3, 1, 2]","[2, 3, 3, 3, 2, 1, 1, 4, 2]","[1, 5, 2, 5, 4, 1, 3, 4, 2]","[4, 5, 4, 4, 5, 3, 2, 4, 2]"
"[0, 3, 6, 7, 17, 9, 2, 1, 12, 19]",1191,30,32,32,26,3.3333333333333335,"[120, 74, 98, 187, 185, 109, 157, 92, 169]","[2, 4, 5, 3, 1, 1, 5, 4, 5]","[2, 3, 4, 5, 5, 4, 5, 1, 3]","[4, 2, 4, 2, 3, 3, 1, 2, 1]","[5, 2, 2, 1, 5, 2, 3, 3, 5]"
"[0, 2, 16, 6, 8, 3, 17, 7, 12, 19]",1071,30,25,26,28,3.0277777777777777,"[65, 110, 117, 130, 95, 118, 187, 80, 169]","[2, 3, 2, 2, 5, 3, 3, 5, 5]","[1, 4, 3, 3, 3, 1, 5, 2, 3]","[5, 4, 5, 2, 5, 3, 2, 1, 1]","[3, 1, 4, 4, 5, 2, 1, 1, 5]"
"[0, 3, 12, 10, 6, 8, 16, 2, 1, 19]",1250,27,35,31,21,3.166666666666667,"[120, 141, 118, 117, 130, 158, 110, 157, 199]","[2, 3, 1, 5, 2, 2, 3, 5, 4]","[2, 5, 2, 4, 3, 5, 4, 5, 5]","[4, 3, 1, 3, 2, 4, 4, 1, 1]","[5, 5, 3, 5, 4, 3, 1, 3, 4]"
"[0, 13, 17, 2, 8, 16, 14, 11, 5, 19]",1207,18,24,21,26,2.4722222222222223,"[95, 52, 158, 121, 158, 165, 128, 144, 186]","[3, 1, 1, 3, 2, 1, 2, 3, 2]","[4, 1, 1, 5, 5, 2, 2, 2, 2]","[4, 4, 5, 2, 4, 4, 5, 3, 2]","[3, 1, 4, 1, 3, 5, 4, 5, 2]"
"[0, 13, 2, 17, 14, 5, 8, 3, 1, 19]",1055,25,25,28,24,2.833333333333333,"[95, 120, 158, 81, 50, 168, 95, 89, 199]","[3, 1, 1, 4, 3, 2, 5, 2, 4]","[4, 1, 1, 1, 5, 1, 3, 4, 5]","[4, 3, 5, 1, 4, 2, 5, 1, 1]","[3, 4, 4, 3, 1, 1, 5, 5, 4]"
"[0, 10, 8, 17, 13, 2, 1, 3, 5, 19]",1146,22,23,29,21,2.638888888888889,"[200, 89, 106, 52, 120, 157, 89, 147, 186]","[5, 2, 3, 1, 1, 5, 2, 1, 2]","[2, 3, 1, 1, 1, 5, 4, 4, 2]","[1, 5, 4, 4, 3, 1, 1, 4, 2]","[4, 5, 5, 1, 4, 3, 5, 4, 2]"
"[0, 13, 17, 3, 1, 12, 10, 8, 5, 19]",1007,20,19,30,29,2.7222222222222223,"[95, 52, 118, 89, 92, 118, 89, 168, 186]","[3, 1, 3, 2, 4, 1, 2, 2, 2]","[4, 1, 1, 4, 1, 2, 3, 1, 2]","[4, 4, 3, 1, 2, 1, 5, 2, 2]","[3, 1, 2, 5, 3, 3, 5, 1, 2]"
"[0, 10, 8, 6, 7, 16, 1, 12, 19]",904,30,19,31,18,3.0625,"[200, 89, 130, 98, 56, 70, 92, 169]","[5, 2, 2, 5, 5, 2, 4, 5]","[2, 3, 3, 4, 2, 1, 1, 3]","[1, 5, 2, 4, 1, 1, 2, 1]","[4, 5, 4, 2, 2, 5, 3, 5]"
"[0, 3, 1, 2, 9, 14, 11, 5, 19]",1091,22,25,25,18,2.8125,"[120, 89, 157, 109, 158, 128, 144, 186]","[2, 2, 5, 1, 5, 2, 3, 2]","[2, 4, 5, 4, 4, 2, 2, 2]","[4, 1, 1, 3, 4, 5, 3, 2]","[5, 5, 3, 2, 4, 4, 5, 2]"
"[0, 3, 6, 8, 10, 2, 16, 7, 12, 19]",880,32,27,33,24,3.222222222222222,"[120, 74, 130, 89, 52, 110, 56, 80, 169]","[2, 4, 2, 2, 4, 3, 5, 5, 5]","[2, 3, 3, 3, 5, 4, 2, 2, 3]","[4, 2, 2, 5, 1, 4, 1, 1, 1]","[5, 2, 4, 5, 5, 1, 2, 1, 5]"
"[0, 3, 9, 17, 8, 16, 1, 11, 5, 19]",1347,25,22,27,17,2.5277777777777777,"[120, 179, 185, 106, 158, 70, 199, 144, 186]","[2, 5, 1, 3, 2, 2, 5, 3, 2]","[2, 2, 5, 1, 5, 1, 2, 2, 2]","[4, 4, 3, 4, 4, 1, 2, 3, 2]","[5, 3, 5, 5, 3, 5, 4, 5, 2]"
"[0, 10, 8, 17, 9, 1, 16, 2, 13, 19]",1161,21,24,28,20,2.583333333333333,"[200, 89, 106, 185, 143, 70, 110, 120, 138]","[5, 2, 3, 1, 1, 2, 3, 1, 3]","[2, 3, 1, 5, 3, 1, 4, 1, 4]","[1, 5, 4, 3, 4, 1, 4, 3, 1]","[4, 5, 5, 5, 4, 5, 1, 4, 1]"
"[0, 3, 6, 9, 14, 7, 17, 2, 13, 19]",1219,27,26,24,28,2.9166666666666665,"[120, 74, 64, 158, 200, 187, 158, 120, 138]","[2, 4, 5, 5, 3, 3, 1, 1, 3]","[2, 3, 5, 4, 1, 5, 1, 1, 4]","[4, 2, 5, 4, 4, 2, 5, 3, 1]","[5, 2, 3, 4, 2, 1, 4, 4, 1]"
"[0, 3, 17, 7, 16, 14, 11, 9, 1, 19]",1227,22,24,29,22,2.694444444444444,"[120, 118, 187, 56, 165, 128, 111, 143, 199]","[2, 3, 3, 5, 1, 2, 1, 1, 4]","[2, 1, 5, 2, 2, 2, 2, 3, 5]","[4, 3, 2, 1, 4, 5, 1, 4, 1]","[5, 2, 1, 2, 5, 4, 5, 4, 4]"
"[0, 2, 16, 1, 3, 17, 8, 10, 12, 19]",934,23,20,29,20,2.5555555555555554,"[65, 110, 70, 89, 118, 106, 89, 118, 169]","[2, 3, 2, 2, 3, 3, 2, 1, 5]","[1, 4, 1, 4, 1, 1, 3, 2, 3]","[5, 4, 1, 1, 3, 4, 5, 1, 1]","[3, 1, 5, 5, 2, 5, 5, 3, 5]"
"[0, 3, 6, 8, 10, 2, 17, 14, 1, 19]",978,24,27,30,17,2.7222222222222223,"[120, 74, 130, 89, 52, 158, 81, 75, 199]","[2, 4, 2, 2, 4, 1, 4, 1, 4]","[2, 3, 3, 3, 5, 1, 1, 4, 5]","[4, 2, 2, 5, 1, 5, 1, 3, 1]","[5, 2, 4, 5, 5, 4, 3, 5, 4]"
"[0, 17, 9, 11, 3, 5, 19]",895,11,20,20,14,2.7083333333333335,"[73, 185, 111, 193, 147, 186]","[2, 1, 1, 4, 1, 2]","[2, 5, 2, 5, 4, 2]","[2, 3, 1, 4, 4, 2]","[2, 5, 5, 4, 4, 2]"
"[0, 10, 8, 16, 14, 11, 1, 2, 13, 19]",1354,26,26,28,21,2.805555555555556,"[200, 89, 158, 165, 128, 199, 157, 120, 138]","[5, 2, 2, 1, 2, 5, 5, 1, 3]","[2, 3, 5, 2, 2, 2, 5, 1, 4]","[1, 5, 4, 4, 5, 2, 1, 3, 1]","[4, 5, 3, 5, 4, 4, 3, 4, 1]"
"[0, 2, 17, 3, 6, 9, 1, 12, 11, 19]",1017,24,21,21,24,2.5,"[65, 158, 118, 74, 64, 143, 92, 106, 197]","[2, 1, 3, 4, 5, 1, 4, 2, 2]","[1, 1, 1, 3, 5, 3, 1, 5, 1]","[5, 5, 3, 2, 5, 4, 2, 2, 5]","[3, 4, 2, 2, 3, 4, 3, 5, 4]"
"[0, 17, 8, 5, 3, 12, 11, 1, 19]",1139,22,25,28,18,2.90625,"[73, 106, 168, 147, 141, 106, 199, 199]","[2, 3, 2, 1, 3, 2, 5, 4]","[2, 1, 1, 4, 5, 5, 2, 5]","[2, 4, 2, 4, 3, 2, 2, 1]","[2, 5, 1, 4, 5, 5, 4, 4]"
"[0, 10, 8, 5, 3, 9, 1, 11, 12, 19]",1400,28,25,29,19,2.8055555555555554,"[200, 89, 168, 147, 179, 143, 199, 106, 169]","[5, 2, 2, 1, 5, 1, 5, 2, 5]","[2, 3, 1, 4, 2, 3, 2, 5, 3]","[1, 5, 2, 4, 4, 4, 2, 2, 1]","[4, 5, 1, 4, 3, 4, 4, 5, 5]"
"[0, 17, 14, 16, 1, 9, 3, 11, 12, 19]",1179,26,24,31,18,2.75,"[73, 81, 165, 70, 143, 179, 193, 106, 169]","[2, 4, 1, 2, 1, 5, 4, 2, 5]","[2, 1, 2, 1, 3, 2, 5, 5, 3]","[2, 1, 4, 1, 4, 4, 4, 2, 1]","[2, 3, 5, 5, 4, 3, 4, 5, 5]"
"[0, 10, 2, 17, 3, 5, 14, 1, 12, 19]",1061,27,26,30,21,2.8888888888888893,"[200, 52, 158, 118, 147, 50, 75, 92, 169]","[5, 4, 1, 3, 1, 3, 1, 4, 5]","[2, 5, 1, 1, 4, 5, 4, 1, 3]","[1, 1, 5, 3, 4, 4, 3, 2, 1]","[4, 5, 4, 2, 4, 1, 5, 3, 5]"
"[0, 13, 2, 10, 6, 9, 11, 12, 19]",834,26,29,28,13,3.0,"[95, 120, 52, 117, 64, 111, 106, 169]","[3, 1, 4, 5, 5, 1, 2, 5]","[4, 1, 5, 4, 5, 2, 5, 3]","[4, 3, 1, 3, 5, 1, 2, 1]","[3, 4, 5, 5, 3, 5, 5, 5]"
"[0, 13, 2, 8, 5, 3, 12, 19]",961,18,23,23,19,2.9642857142857144,"[95, 120, 121, 168, 147, 141, 169]","[3, 1, 3, 2, 1, 3, 5]","[4, 1, 5, 1, 4, 5, 3]","[4, 3, 2, 2, 4, 3, 1]","[3, 4, 1, 1, 4, 5, 5]"
"[0, 17, 7, 14, 9, 11, 12, 1, 19]",1126,24,25,30,22,3.15625,"[73, 187, 200, 158, 111, 106, 92, 199]","[2, 3, 3, 5, 1, 2, 4, 4]","[2, 5, 1, 4, 2, 5, 1, 5]","[2, 2, 4, 4, 1, 2, 2, 1]","[2, 1, 2, 4, 5, 5, 3, 4]"
"[0, 10, 12, 1, 9, 14, 11, 3, 5, 19]",1365,25,25,27,22,2.75,"[200, 118, 92, 143, 158, 128, 193, 147, 186]","[5, 1, 4, 1, 5, 2, 4, 1, 2]","[2, 2, 1, 3, 4, 2, 5, 4, 2]","[1, 1, 2, 4, 4, 5, 4, 4, 2]","[4, 3, 3, 4, 4, 4, 4, 4, 2]"
"[0, 17, 7, 14, 11, 5, 3, 12, 19]",1189,22,24,24,20,2.8125,"[73, 187, 200, 128, 144, 147, 141, 169]","[2, 3, 3, 2, 3, 1, 3, 5]","[2, 5, 1, 2, 2, 4, 5, 3]","[2, 2, 4, 5, 3, 4, 3, 1]","[2, 1, 2, 4, 5, 4, 5, 5]"
"[0, 2, 8, 16, 14, 17, 3, 11, 19]",1098,21,21,20,23,2.65625,"[65, 121, 158, 165, 81, 118, 193, 197]","[2, 3, 2, 1, 4, 3, 4, 2]","[1, 5, 5, 2, 1, 1, 5, 1]","[5, 2, 4, 4, 1, 3, 4, 5]","[3, 1, 3, 5, 3, 2, 4, 4]"
"[0, 10, 6, 8, 17, 9, 1, 2, 13, 19]",1296,26,28,32,19,2.9166666666666665,"[200, 117, 130, 106, 185, 143, 157, 120, 138]","[5, 5, 2, 3, 1, 1, 5, 1, 3]","[2, 4, 3, 1, 5, 3, 5, 1, 4]","[1, 3, 2, 4, 3, 4, 1, 3, 1]","[4, 5, 4, 5, 5, 4, 3, 4, 1]"
"[0, 3, 5, 11, 14, 9, 17, 2, 13, 19]",1298,19,25,22,18,2.3333333333333335,"[120, 147, 144, 128, 158, 185, 158, 120, 138]","[2, 1, 3, 2, 5, 1, 1, 1, 3]","[2, 4, 2, 2, 4, 5, 1, 1, 4]","[4, 4, 3, 5, 4, 3, 5, 3, 1]","[5, 4, 5, 4, 4, 5, 4, 4, 1]"
"[0, 3, 5, 14, 17, 9, 6, 7, 12, 19]",994,31,31,27,25,3.166666666666667,"[120, 147, 50, 81, 185, 64, 98, 80, 169]","[2, 1, 3, 4, 1, 5, 5, 5, 5]","[2, 4, 5, 1, 5, 5, 4, 2, 3]","[4, 4, 4, 1, 3, 5, 4, 1, 1]","[5, 4, 1, 3, 5, 3, 2, 1, 5]"
"[0, 17, 3, 12, 10, 6, 9, 14, 1, 19]",1063,29,32,29,21,3.0833333333333335,"[73, 118, 141, 118, 117, 64, 158, 75, 199]","[2, 3, 3, 1, 5, 5, 5, 1, 4]","[2, 1, 5, 2, 4, 5, 4, 4, 5]","[2, 3, 3, 1, 3, 5, 4, 3, 1]","[2, 2, 5, 3, 5, 3, 4, 5, 4]"
"[0, 2, 16, 14, 11, 5, 3, 12, 19]",1069,20,23,19,16,2.4375,"[65, 110, 165, 128, 144, 147, 141, 169]","[2, 3, 1, 2, 3, 1, 3, 5]","[1, 4, 2, 2, 2, 4, 5, 3]","[5, 4, 4, 5, 3, 4, 3, 1]","[3, 1, 5, 4, 5, 4, 5, 5]"
"[0, 17, 2, 8, 3, 12, 11, 19]",891,18,22,18,16,2.6428571428571432,"[73, 158, 121, 95, 141, 106, 197]","[2, 1, 3, 5, 3, 2, 2]","[2, 1, 5, 3, 5, 5, 1]","[2, 5, 2, 5, 3, 2, 5]","[2, 4, 1, 5, 5, 5, 4]"
"[0, 17, 2, 9, 3, 11, 14, 1, 12, 19]",1176,25,24,25,22,2.6666666666666665,"[73, 158, 109, 179, 193, 128, 75, 92, 169]","[2, 1, 1, 5, 4, 2, 1, 4, 5]","[2, 1, 4, 2, 5, 2, 4, 1, 3]","[2, 5, 3, 4, 4, 5, 3, 2, 1]","[2, 4, 2, 3, 4, 4, 5, 3, 5]"
"[0, 17, 7, 16, 6, 3, 5, 11, 12, 19]",1073,27,29,32,24,3.111111111111111,"[73, 187, 56, 117, 74, 147, 144, 106, 169]","[2, 3, 5, 2, 4, 1, 3, 2, 5]","[2, 5, 2, 3, 3, 4, 2, 5, 3]","[2, 2, 1, 5, 2, 4, 3, 2, 1]","[2, 1, 2, 4, 2, 4, 5, 5, 5]"
"[0, 3, 9, 14, 5, 17, 2, 10, 12, 19]",1189,27,29,27,22,2.9166666666666665,"[120, 179, 158, 50, 185, 158, 52, 118, 169]","[2, 5, 5, 3, 1, 1, 4, 1, 5]","[2, 2, 4, 5, 5, 1, 5, 2, 3]","[4, 4, 4, 4, 3, 5, 1, 1, 1]","[5, 3, 4, 1, 2, 4, 5, 3, 5]"
"[0, 3, 5, 17, 2, 8, 6, 10, 12, 19]",1265,21,29,29,21,2.777777777777778,"[120, 147, 185, 158, 121, 130, 117, 118, 169]","[2, 1, 1, 1, 3, 2, 5, 1, 5]","[2, 4, 5, 1, 5, 3, 4, 2, 3]","[4, 4, 3, 5, 2, 2, 3, 1, 1]","[5, 4, 2, 4, 1, 4, 5, 3, 5]"
"[0, 3, 6, 15, 2, 16, 1, 12, 19]",853,29,18,27,21,2.96875,"[120, 74, 151, 67, 110, 70, 92, 169]","[2, 4, 4, 5, 3, 2, 4, 5]","[2, 3, 2, 2, 4, 1, 1, 3]","[4, 2, 3, 4, 4, 1, 2, 1]","[5, 2, 4, 2, 1, 5, 3, 5]"
"[0, 2, 8, 16, 1, 14, 5, 11, 12, 19]",958,23,31,29,21,2.888888888888889,"[65, 121, 158, 70, 75, 50, 144, 106, 169]","[2, 3, 2, 2, 1, 3, 3, 2, 5]","[1, 5, 5, 1, 4, 5, 2, 5, 3]","[5, 2, 4, 1, 3, 4, 3, 2, 1]","[3, 1, 3, 5, 5, 1, 5, 5, 5]"
"[0, 2, 16, 6, 10, 8, 5, 11, 1, 19]",1208,28,25,24,22,2.75,"[65, 110, 117, 117, 89, 168, 144, 199, 199]","[2, 3, 2, 5, 2, 2, 3, 5, 4]","[1, 4, 3, 4, 3, 1, 2, 2, 5]","[5, 4, 5, 3, 5, 2, 3, 2, 1]","[3, 1, 4, 5, 5, 1, 5, 4, 4]"
"[0, 3, 8, 2, 10, 6, 9, 17, 5, 19]",1125,28,36,26,21,3.0833333333333335,"[120, 95, 121, 52, 117, 64, 185, 185, 186]","[2, 5, 3, 4, 5, 5, 1, 1, 2]","[2, 3, 5, 5, 4, 5, 5, 5, 2]","[4, 5, 2, 1, 3, 5, 3, 3, 2]","[5, 5, 1, 5, 5, 3, 5, 2, 2]"
"[0, 10, 12, 3, 8, 2, 13, 17, 5, 19]",1218,22,26,30,27,2.916666666666667,"[200, 118, 141, 95, 121, 120, 52, 185, 186]","[5, 1, 3, 5, 3, 1, 1, 1, 2]","[2, 2, 5, 3, 5, 1, 1, 5, 2]","[1, 1, 3, 5, 2, 3, 4, 3, 2]","[4, 3, 5, 5, 1, 4, 1, 2, 2]"
"[0, 10, 6, 8, 16, 2, 1, 11, 5, 19]",1401,32,29,32,23,3.222222222222222,"[200, 117, 130, 158, 110, 157, 199, 144, 186]","[5, 5, 2, 2, 3, 5, 5, 3, 2]","[2, 4, 3, 5, 4, 5, 2, 2, 2]","[1, 3, 2, 4, 4, 1, 2, 3, 2]","[4, 5, 4, 3, 1, 3, 4, 5, 2]"
"[0, 10, 6, 8, 17, 7, 14, 5, 11, 19]",1331,29,24,26,23,2.8333333333333335,"[200, 117, 130, 106, 187, 200, 50, 144, 197]","[5, 5, 2, 3, 3, 3, 3, 3, 2]","[2, 4, 3, 1, 5, 1, 5, 2, 1]","[1, 3, 2, 4, 2, 4, 4, 3, 5]","[4, 5, 4, 5, 1, 2, 1, 5, 4]"
"[0, 17, 14, 9, 11, 3, 8, 5, 19]",1065,25,20,27,22,2.9375,"[73, 81, 158, 111, 193, 95, 168, 186]","[2, 4, 5, 1, 4, 5, 2, 2]","[2, 1, 4, 2, 5, 3, 1, 2]","[2, 1, 4, 1, 4, 5, 2, 2]","[2, 3, 4, 5, 4, 5, 1, 2]"
"[0, 17, 5, 3, 8, 16, 1, 9, 11, 19]",1179,17,26,25,20,2.4444444444444446,"[73, 185, 147, 95, 158, 70, 143, 111, 197]","[2, 1, 1, 5, 2, 2, 1, 1, 2]","[2, 5, 4, 3, 5, 1, 3, 2, 1]","[2, 3, 4, 5, 4, 1, 4, 1, 5]","[2, 2, 4, 5, 3, 5, 4, 5, 4]"
"[0, 10, 2, 9, 6, 3, 17, 5, 19]",988,25,27,28,26,3.3125,"[200, 52, 109, 64, 74, 118, 185, 186]","[5, 4, 1, 5, 4, 3, 1, 2]","[2, 5, 4, 5, 3, 1, 5, 2]","[1, 1, 3, 5, 2, 3, 3, 2]","[4, 5, 2, 3, 2, 2, 2, 2]"
"[0, 17, 2, 10, 8, 5, 14, 1, 11, 19]",1061,22,24,25,23,2.6111111111111107,"[73, 158, 52, 89, 168, 50, 75, 199, 197]","[2, 1, 4, 2, 2, 3, 1, 5, 2]","[2, 1, 5, 3, 1, 5, 4, 2, 1]","[2, 5, 1, 5, 2, 4, 3, 2, 5]","[2, 4, 5, 5, 1, 1, 5, 4, 4]"
"[0, 10, 6, 9, 17, 2, 1, 11, 12, 19]",1355,34,32,31,16,3.1388888888888893,"[200, 117, 64, 185, 158, 157, 199, 106, 169]","[5, 5, 5, 1, 1, 5, 5, 2, 5]","[2, 4, 5, 5, 1, 5, 2, 5, 3]","[1, 3, 5, 3, 5, 1, 2, 2, 1]","[4, 5, 3, 5, 4, 3, 4, 5, 5]"
"[0, 2, 17, 3, 6, 9, 11, 19]",787,18,14,16,19,2.392857142857143,"[65, 158, 118, 74, 64, 111, 197]","[2, 1, 3, 4, 5, 1, 2]","[1, 1, 1, 3, 5, 2, 1]","[5, 5, 3, 2, 5, 1, 5]","[3, 4, 2, 2, 3, 5, 4]"
"[0, 17, 7, 6, 8, 16, 14, 9, 11, 19]",1277,23,28,26,24,2.8055555555555554,"[73, 187, 98, 130, 158, 165, 158, 111, 197]","[2, 3, 5, 2, 2, 1, 5, 1, 2]","[2, 5, 4, 3, 5, 2, 4, 2, 1]","[2, 2, 4, 2, 4, 4, 4, 1, 5]","[2, 1, 2, 4, 3, 5, 4, 5, 4]"
"[0, 10, 12, 7, 6, 3, 11, 19]",960,26,19,24,22,3.25,"[200, 118, 80, 98, 74, 193, 197]","[5, 1, 5, 5, 4, 4, 2]","[2, 2, 2, 4, 3, 5, 1]","[1, 1, 1, 4, 2, 4, 5]","[4, 3, 1, 2, 2, 4, 4]"
"[0, 3, 6, 16, 7, 14, 11, 1, 12, 19]",1155,32,19,28,23,2.833333333333333,"[120, 74, 117, 56, 200, 128, 199, 92, 169]","[2, 4, 2, 5, 3, 2, 5, 4, 5]","[2, 3, 3, 2, 1, 2, 2, 1, 3]","[4, 2, 5, 1, 4, 5, 2, 2, 1]","[5, 2, 4, 2, 2, 4, 4, 3, 5]"
"[0, 17, 3, 8, 6, 7, 12, 11, 1, 19]",1098,33,27,32,25,3.25,"[73, 118, 95, 130, 98, 80, 106, 199, 199]","[2, 3, 5, 2, 5, 5, 2, 5, 4]","[2, 1, 3, 3, 4, 2, 5, 2, 5]","[2, 3, 5, 2, 4, 1, 2, 2, 1]","[2, 2, 5, 4, 2, 1, 5, 4, 4]"
"[0, 13, 2, 17, 7, 16, 8, 10, 12, 19]",1150,23,26,28,24,2.8055555555555554,"[95, 120, 158, 187, 56, 158, 89, 118, 169]","[3, 1, 1, 3, 5, 2, 2, 1, 5]","[4, 1, 1, 5, 2, 5, 3, 2, 3]","[4, 3, 5, 2, 1, 4, 5, 1, 1]","[3, 4, 4, 1, 2, 3, 5, 3, 5]"
"[0, 3, 5, 17, 2, 9, 1, 19]",1061,11,24,18,17,2.5,"[120, 147, 185, 158, 109, 143, 199]","[2, 1, 1, 1, 1, 1, 4]","[2, 4, 5, 1, 4, 3, 5]","[4, 4, 3, 5, 3, 4, 1]","[5, 4, 2, 4, 2, 4, 4]"
"[0, 3, 9, 6, 16, 2, 13, 19]",848,21,21,16,21,2.821428571428571,"[120, 179, 64, 117, 110, 120, 138]","[2, 5, 5, 2, 3, 1, 3]","[2, 2, 5, 3, 4, 1, 4]","[4, 4, 5, 5, 4, 3, 1]","[5, 3, 3, 4, 1, 4, 1]"
"[0, 17, 14, 16, 6, 3, 5, 19]",843,16,17,22,20,2.6785714285714284,"[73, 81, 165, 117, 74, 147, 186]","[2, 4, 1, 2, 4, 1, 2]","[2, 1, 2, 3, 3, 4, 2]","[2, 1, 4, 5, 2, 4, 2]","[2, 3, 5, 4, 2, 4, 2]"
"[0, 3, 12, 1, 11, 9, 14, 17, 5, 19]",1273,27,24,32,21,2.888888888888889,"[120, 141, 92, 199, 111, 158, 81, 185, 186]","[2, 3, 4, 5, 1, 5, 4, 1, 2]","[2, 5, 1, 2, 2, 4, 1, 5, 2]","[4, 3, 2, 2, 1, 4, 1, 3, 2]","[5, 5, 3, 4, 5, 4, 3, 2, 2]"
"[0, 3, 5, 11, 9, 2, 1, 19]",987,17,24,25,14,2.857142857142857,"[120, 147, 144, 111, 109, 157, 199]","[2, 1, 3, 1, 1, 5, 4]","[2, 4, 2, 2, 4, 5, 5]","[4, 4, 3, 1, 3, 1, 1]","[5, 4, 5, 5, 2, 3, 4]"
"[0, 10, 8, 16, 7, 17, 5, 3, 11, 19]",1412,25,32,25,25,2.9722222222222223,"[200, 89, 158, 56, 187, 185, 147, 193, 197]","[5, 2, 2, 5, 3, 1, 1, 4, 2]","[2, 3, 5, 2, 5, 5, 4, 5, 1]","[1, 5, 4, 1, 2, 3, 4, 4, 5]","[4, 5, 3, 2, 1, 2, 4, 4, 4]"
"[0, 10, 6, 3, 9, 17, 14, 1, 12, 19]",1172,34,25,34,19,3.1111111111111107,"[200, 117, 74, 179, 185, 81, 75, 92, 169]","[5, 5, 4, 5, 1, 4, 1, 4, 5]","[2, 4, 3, 2, 5, 1, 4, 1, 3]","[1, 3, 2, 4, 3, 1, 3, 2, 1]","[4, 5, 2, 3, 5, 3, 5, 3, 5]"
"[0, 2, 8, 16, 14, 7, 12, 19]",958,21,19,21,22,2.9642857142857144,"[65, 121, 158, 165, 200, 80, 169]","[2, 3, 2, 1, 3, 5, 5]","[1, 5, 5, 2, 1, 2, 3]","[5, 2, 4, 4, 4, 1, 1]","[3, 1, 3, 5, 2, 1, 5]"
"[0, 17, 8, 5, 3, 9, 14, 1, 11, 19]",1302,26,21,24,22,2.5833333333333335,"[73, 106, 168, 147, 179, 158, 75, 199, 197]","[2, 3, 2, 1, 5, 5, 1, 5, 2]","[2, 1, 1, 4, 2, 4, 4, 2, 1]","[2, 4, 2, 4, 4, 4, 3, 2, 5]","[2, 5, 1, 4, 3, 4, 5, 4, 4]"
"[0, 17, 8, 3, 1, 14, 9, 11, 12, 19]",982,26,28,31,13,2.7222222222222223,"[73, 106, 95, 89, 75, 158, 111, 106, 169]","[2, 3, 5, 2, 1, 5, 1, 2, 5]","[2, 1, 3, 4, 4, 4, 2, 5, 3]","[2, 4, 5, 1, 3, 4, 1, 2, 1]","[2, 5, 5, 5, 5, 4, 5, 5, 5]"
"[0, 10, 8, 5, 3, 1, 2, 9, 11, 19]",1267,21,26,31,21,2.7500000000000004,"[200, 89, 168, 147, 89, 157, 109, 111, 197]","[5, 2, 2, 1, 2, 5, 1, 1, 2]","[2, 3, 1, 4, 4, 5, 4, 2, 1]","[1, 5, 2, 4, 1, 1, 3, 1, 5]","[4, 5, 1, 4, 5, 3, 2, 5, 4]"
"[0, 2, 8, 17, 9, 14, 1, 19]",909,19,25,20,15,2.8214285714285716,"[65, 121, 106, 185, 158, 75, 199]","[2, 3, 3, 1, 5, 1, 4]","[1, 5, 1, 5, 4, 4, 5]","[5, 2, 4, 3, 4, 3, 1]","[3, 1, 5, 5, 4, 5, 4]"
"[0, 3, 9, 17, 8, 6, 16, 1, 11, 19]",1303,24,20,24,15,2.3055555555555554,"[120, 179, 185, 106, 130, 117, 70, 199, 197]","[2, 5, 1, 3, 2, 2, 2, 5, 2]","[2, 2, 5, 1, 3, 3, 1, 2, 1]","[4, 4, 3, 4, 2, 5, 1, 2, 5]","[5, 3, 5, 5, 4, 4, 5, 4, 4]"
"[0, 10, 6, 3, 17, 8, 16, 14, 11, 19]",1263,27,21,23,20,2.5277777777777777,"[200, 117, 74, 118, 106, 158, 165, 128, 197]","[5, 5, 4, 3, 3, 2, 1, 2, 2]","[2, 4, 3, 1, 1, 5, 2, 2, 1]","[1, 3, 2, 3, 4, 4, 4, 5, 5]","[4, 5, 2, 2, 5, 3, 5, 4, 4]"
"[0, 2, 13, 17, 9, 1, 11, 12, 19]",1039,18,21,24,17,2.5,"[65, 120, 52, 185, 143, 199, 106, 169]","[2, 1, 1, 1, 1, 5, 2, 5]","[1, 1, 1, 5, 3, 2, 5, 3]","[5, 3, 4, 3, 4, 2, 2, 1]","[3, 4, 1, 5, 4, 4, 5, 5]"
"[0, 3, 1, 14, 16, 8, 10, 12, 11, 19]",1117,15,28,25,14,2.2777777777777777,"[120, 89, 75, 165, 158, 89, 118, 106, 197]","[2, 2, 1, 1, 2, 2, 1, 2, 2]","[2, 4, 4, 2, 5, 3, 2, 5, 1]","[4, 1, 3, 4, 4, 5, 1, 2, 5]","[5, 5, 5, 5, 3, 5, 3, 5, 4]"
"[0, 2, 8, 6, 3, 17, 9, 11, 5, 19]",1134,21,24,31,25,2.8055555555555554,"[65, 121, 130, 74, 118, 185, 111, 144, 186]","[2, 3, 2, 4, 3, 1, 1, 3, 2]","[1, 5, 3, 3, 1, 5, 2, 2, 2]","[5, 2, 2, 2, 3, 3, 1, 3, 2]","[3, 1, 4, 2, 2, 5, 5, 5, 2]"
"[0, 2, 1, 14, 17, 8, 6, 9, 11, 19]",986,25,23,27,19,2.6111111111111107,"[65, 157, 75, 81, 106, 130, 64, 111, 197]","[2, 5, 1, 4, 3, 2, 5, 1, 2]","[1, 5, 4, 1, 1, 3, 5, 2, 1]","[5, 1, 3, 1, 4, 2, 5, 1, 5]","[3, 3, 5, 3, 5, 4, 3, 5, 4]"
"[0, 17, 5, 8, 2, 10, 6, 9, 11, 19]",1088,25,30,30,26,3.0833333333333335,"[73, 185, 168, 121, 52, 117, 64, 111, 197]","[2, 1, 2, 3, 4, 5, 5, 1, 2]","[2, 5, 1, 5, 5, 4, 5, 2, 1]","[2, 3, 2, 2, 1, 3, 5, 1, 5]","[2, 2, 1, 1, 5, 5, 3, 5, 4]"
"[0, 2, 17, 7, 16, 8, 3, 11, 5, 19]",1242,27,26,23,25,2.8055555555555554,"[65, 158, 187, 56, 158, 95, 193, 144, 186]","[2, 1, 3, 5, 2, 5, 4, 3, 2]","[1, 1, 5, 2, 5, 3, 5, 2, 2]","[5, 5, 2, 1, 4, 5, 4, 3, 2]","[3, 4, 1, 2, 3, 5, 4, 5, 2]"
"[0, 17, 2, 10, 12, 7, 6, 9, 11, 19]",951,26,24,29,25,2.8888888888888893,"[73, 158, 52, 118, 80, 98, 64, 111, 197]","[2, 1, 4, 1, 5, 5, 5, 1, 2]","[2, 1, 5, 2, 2, 4, 5, 2, 1]","[2, 5, 1, 1, 1, 4, 5, 1, 5]","[2, 4, 5, 3, 1, 2, 3, 5, 4]"
"[0, 13, 2, 9, 3, 12, 7, 14, 1, 19]",1198,26,28,28,25,2.9722222222222223,"[95, 120, 109, 179, 141, 80, 200, 75, 199]","[3, 1, 1, 5, 3, 5, 3, 1, 4]","[4, 1, 4, 2, 5, 2, 1, 4, 5]","[4, 3, 3, 4, 3, 1, 4, 3, 1]","[3, 4, 2, 3, 5, 1, 2, 5, 4]"
"[0, 17, 8, 5, 14, 1, 16, 2, 13, 19]",910,20,23,30,29,2.833333333333333,"[73, 106, 168, 50, 75, 70, 110, 120, 138]","[2, 3, 2, 3, 1, 2, 3, 1, 3]","[2, 1, 1, 5, 4, 1, 4, 1, 4]","[2, 4, 2, 4, 3, 1, 4, 3, 1]","[2, 5, 1, 1, 5, 5, 1, 4, 1]"
"[0, 10, 2, 13, 17, 9, 6, 8, 5, 19]",1157,23,25,31,25,2.8888888888888893,"[200, 52, 120, 52, 185, 64, 130, 168, 186]","[5, 4, 1, 1, 1, 5, 2, 2, 2]","[2, 5, 1, 1, 5, 5, 3, 1, 2]","[1, 1, 3, 4, 3, 5, 2, 2, 2]","[4, 5, 4, 1, 5, 3, 4, 1, 2]"
"[0, 10, 6, 8, 17, 5, 3, 1, 19]",1173,23,28,29,15,2.96875,"[200, 117, 130, 106, 185, 147, 89, 199]","[5, 5, 2, 3, 1, 1, 2, 4]","[2, 4, 3, 1, 5, 4, 4, 5]","[1, 3, 2, 4, 3, 4, 1, 1]","[4, 5, 4, 5, 2, 4, 5, 4]"
"[0, 2, 17, 14, 5, 8, 3, 9, 11, 19]",1104,25,17,22,25,2.4722222222222223,"[65, 158, 81, 50, 168, 95, 179, 111, 197]","[2, 1, 4, 3, 2, 5, 5, 1, 2]","[1, 1, 1, 5, 1, 3, 2, 2, 1]","[5, 5, 1, 4, 2, 5, 4, 1, 5]","[3, 4, 3, 1, 1, 5, 3, 5, 4]"
"[0, 10, 8, 5, 17, 9, 3, 1, 12, 19]",1356,27,26,32,21,2.9444444444444446,"[200, 89, 168, 185, 185, 179, 89, 92, 169]","[5, 2, 2, 1, 1, 5, 2, 4, 5]","[2, 3, 1, 5, 5, 2, 4, 1, 3]","[1, 5, 2, 3, 3, 4, 1, 2, 1]","[4, 5, 1, 2, 5, 3, 5, 3, 5]"
"[0, 3, 9, 17, 8, 5, 19]",944,15,13,17,15,2.5,"[120, 179, 185, 106, 168, 186]","[2, 5, 1, 3, 2, 2]","[2, 2, 5, 1, 1, 2]","[4, 4, 3, 4, 2, 2]","[5, 3, 5, 5, 1, 2]"
"[0, 13, 2, 8, 17, 3, 1, 14, 11, 19]",1049,20,23,24,21,2.4444444444444446,"[95, 120, 121, 106, 118, 89, 75, 128, 197]","[3, 1, 3, 3, 3, 2, 1, 2, 2]","[4, 1, 5, 1, 1, 4, 4, 2, 1]","[4, 3, 2, 4, 3, 1, 3, 5, 5]","[3, 4, 1, 5, 2, 5, 5, 4, 4]"
"[0, 17, 14, 16, 8, 2, 9, 11, 12, 19]",1093,21,29,34,23,2.972222222222222,"[73, 81, 165, 158, 121, 109, 111, 106, 169]","[2, 4, 1, 2, 3, 1, 1, 2, 5]","[2, 1, 2, 5, 5, 4, 2, 5, 3]","[2, 1, 4, 4, 2, 3, 1, 2, 1]","[2, 3, 5, 3, 1, 2, 5, 5, 5]"
"[0, 3, 6, 15, 2, 13, 17, 5, 19]",955,20,18,23,26,2.71875,"[120, 74, 151, 67, 120, 52, 185, 186]","[2, 4, 4, 5, 1, 1, 1, 2]","[2, 3, 2, 2, 1, 1, 5, 2]","[4, 2, 3, 4, 3, 4, 3, 2]","[5, 2, 4, 2, 4, 1, 2, 2]"
"[0, 2, 9, 11, 14, 7, 6, 3, 1, 19]",1073,24,26,28,25,2.8611111111111107,"[65, 109, 111, 128, 200, 98, 74, 89, 199]","[2, 1, 1, 2, 3, 5, 4, 2, 4]","[1, 4, 2, 2, 1, 4, 3, 4, 5]","[5, 3, 1, 5, 4, 4, 2, 1, 1]","[3, 2, 5, 4, 2, 2, 2, 5, 4]"
"[0, 3, 9, 17, 2, 8, 16, 14, 1, 19]",1360,20,31,24,19,2.611111111111111,"[120, 179, 185, 158, 121, 158, 165, 75, 199]","[2, 5, 1, 1, 3, 2, 1, 1, 4]","[2, 2, 5, 1, 5, 5, 2, 4, 5]","[4, 4, 3, 5, 2, 4, 4, 3, 1]","[5, 3, 5, 4, 1, 3, 5, 5, 4]"
"[0, 3, 9, 6, 8, 16, 7, 17, 13, 19]",1084,28,29,27,31,3.1944444444444446,"[120, 179, 64, 130, 158, 56, 187, 52, 138]","[2, 5, 5, 2, 2, 5, 3, 1, 3]","[2, 2, 5, 3, 5, 2, 5, 1, 4]","[4, 4, 5, 2, 4, 1, 2, 4, 1]","[5, 3, 3, 4, 3, 2, 1, 1, 1]"
"[0, 13, 17, 2, 9, 14, 11, 12, 1, 19]",1097,23,27,24,24,2.722222222222222,"[95, 52, 158, 109, 158, 128, 106, 92, 199]","[3, 1, 1, 1, 5, 2, 2, 4, 4]","[4, 1, 1, 4, 4, 2, 5, 1, 5]","[4, 4, 5, 3, 4, 5, 2, 2, 1]","[3, 1, 4, 2, 4, 4, 5, 3, 4]"
"[0, 17, 7, 12, 10, 8, 5, 14, 1, 19]",1039,23,29,33,31,3.2222222222222223,"[73, 187, 80, 118, 89, 168, 50, 75, 199]","[2, 3, 5, 1, 2, 2, 3, 1, 4]","[2, 5, 2, 2, 3, 1, 5, 4, 5]","[2, 2, 1, 1, 5, 2, 4, 3, 1]","[2, 1, 1, 3, 5, 1, 1, 5, 4]"
"[0, 17, 9, 2, 15, 6, 7, 12, 11, 19]",1066,27,27,27,27,3.0,"[73, 185, 109, 67, 151, 98, 80, 106, 197]","[2, 1, 1, 5, 4, 5, 5, 2, 2]","[2, 5, 4, 2, 2, 4, 2, 5, 1]","[2, 3, 3, 4, 3, 4, 1, 2, 5]","[2, 5, 2, 2, 4, 2, 1, 5, 4]"
"[0, 17, 14, 7, 6, 10, 8, 16, 1, 19]",1085,29,26,29,23,2.972222222222222,"[73, 81, 200, 98, 117, 89, 158, 70, 199]","[2, 4, 3, 5, 5, 2, 2, 2, 4]","[2, 1, 1, 4, 4, 3, 5, 1, 5]","[2, 1, 4, 4, 3, 5, 4, 1, 1]","[2, 3, 2, 2, 5, 5, 3, 5, 4]"
"[0, 10, 2, 8, 5, 14, 1, 9, 11, 19]",1117,22,28,31,24,2.9166666666666665,"[200, 52, 121, 168, 50, 75, 143, 111, 197]","[5, 4, 3, 2, 3, 1, 1, 1, 2]","[2, 5, 5, 1, 5, 4, 3, 2, 1]","[1, 1, 2, 2, 4, 3, 4, 1, 5]","[4, 5, 1, 1, 1, 5, 4, 5, 4]"
"[0, 3, 9, 17, 2, 16, 14, 1, 11, 19]",1388,21,23,20,18,2.2777777777777777,"[120, 179, 185, 158, 110, 165, 75, 199, 197]","[2, 5, 1, 1, 3, 1, 1, 5, 2]","[2, 2, 5, 1, 4, 2, 4, 2, 1]","[4, 4, 3, 5, 4, 4, 3, 2, 5]","[5, 3, 5, 4, 1, 5, 5, 4, 4]"
"[0, 17, 9, 3, 5, 11, 1, 12, 19]",1188,26,21,27,17,2.84375,"[73, 185, 179, 147, 144, 199, 92, 169]","[2, 1, 5, 1, 3, 5, 4, 5]","[2, 5, 2, 4, 2, 2, 1, 3]","[2, 3, 4, 4, 3, 2, 2, 1]","[2, 5, 3, 4, 5, 4, 3, 5]"
"[0, 3, 6, 10, 8, 16, 2, 9, 1, 19]",1119,24,33,24,23,2.888888888888889,"[120, 74, 117, 89, 158, 110, 109, 143, 199]","[2, 4, 5, 2, 2, 3, 1, 1, 4]","[2, 3, 4, 3, 5, 4, 4, 3, 5]","[4, 2, 3, 5, 4, 4, 3, 4, 1]","[5, 2, 5, 5, 3, 1, 2, 4, 4]"
"[0, 10, 6, 8, 2, 9, 3, 12, 11, 19]",1300,28,31,29,21,3.027777777777778,"[200, 117, 130, 121, 109, 179, 141, 106, 197]","[5, 5, 2, 3, 1, 5, 3, 2, 2]","[2, 4, 3, 5, 4, 2, 5, 5, 1]","[1, 3, 2, 2, 3, 4, 3, 2, 5]","[4, 5, 4, 1, 2, 3, 5, 5, 4]"
"[0, 3, 6, 9, 17, 8, 5, 19]",903,19,19,20,19,2.75,"[120, 74, 64, 185, 106, 168, 186]","[2, 4, 5, 1, 3, 2, 2]","[2, 3, 5, 5, 1, 1, 2]","[4, 2, 5, 3, 4, 2, 2]","[5, 2, 3, 5, 5, 1, 2]"
"[0, 13, 17, 5, 14, 7, 12, 19]",831,21,21,21,27,3.2142857142857144,"[95, 52, 185, 50, 200, 80, 169]","[3, 1, 1, 3, 3, 5, 5]","[4, 1, 5, 5, 1, 2, 3]","[4, 4, 3, 4, 4, 1, 1]","[3, 1, 2, 1, 2, 1, 5]"
"[0, 3, 6, 9, 17, 2, 1, 19]",957,22,26,21,16,3.0357142857142856,"[120, 74, 64, 185, 158, 157, 199]","[2, 4, 5, 1, 1, 5, 4]","[2, 3, 5, 5, 1, 5, 5]","[4, 2, 5, 3, 5, 1, 1]","[5, 2, 3, 5, 4, 3, 4]"
"[0, 10, 8, 16, 6, 9, 3, 11, 5, 19]",1330,30,29,21,21,2.805555555555556,"[200, 89, 158, 117, 64, 179, 193, 144, 186]","[5, 2, 2, 2, 5, 5, 4, 3, 2]","[2, 3, 5, 3, 5, 2, 5, 2, 2]","[1, 5, 4, 5, 5, 4, 4, 3, 2]","[4, 5, 3, 4, 3, 3, 4, 5, 2]"
"[0, 2, 8, 16, 6, 3, 5, 17, 13, 19]",1057,19,31,24,33,2.972222222222222,"[65, 121, 158, 117, 74, 147, 185, 52, 138]","[2, 3, 2, 2, 4, 1, 1, 1, 3]","[1, 5, 5, 3, 3, 4, 5, 1, 4]","[5, 2, 4, 5, 2, 4, 3, 4, 1]","[3, 1, 3, 4, 2, 4, 2, 1, 1]"
"[0, 3, 8, 17, 5, 14, 7, 12, 19]",1005,27,22,22,22,2.90625,"[120, 95, 106, 185, 50, 200, 80, 169]","[2, 5, 3, 1, 3, 3, 5, 5]","[2, 3, 1, 5, 5, 1, 2, 3]","[4, 5, 4, 3, 4, 4, 1, 1]","[5, 5, 5, 2, 1, 2, 1, 5]"
"[0, 13, 2, 16, 14, 11, 9, 3, 12, 19]",1218,24,25,25,19,2.583333333333333,"[95, 120, 110, 165, 128, 111, 179, 141, 169]","[3, 1, 3, 1, 2, 1, 5, 3, 5]","[4, 1, 4, 2, 2, 2, 2, 5, 3]","[4, 3, 4, 4, 5, 1, 4, 3, 1]","[3, 4, 1, 5, 4, 5, 3, 5, 5]"
"[0, 10, 12, 3, 6, 7, 14, 1, 11, 19]",1302,29,24,29,23,2.9166666666666665,"[200, 118, 141, 74, 98, 200, 75, 199, 197]","[5, 1, 3, 4, 5, 3, 1, 5, 2]","[2, 2, 5, 3, 4, 1, 4, 2, 1]","[1, 1, 3, 2, 4, 4, 3, 2, 5]","[4, 3, 5, 2, 2, 2, 5, 4, 4]"
"[0, 13, 2, 8, 10, 6, 16, 14, 11, 19]",1149,21,25,18,19,2.3055555555555554,"[95, 120, 121, 89, 117, 117, 165, 128, 197]","[3, 1, 3, 2, 5, 2, 1, 2, 2]","[4, 1, 5, 3, 4, 3, 2, 2, 1]","[4, 3, 2, 5, 3, 5, 4, 5, 5]","[3, 4, 1, 5, 5, 4, 5, 4, 4]"
